file_name,category,cat_id,bbox
000012.jpg,car,6,[ 96 155 269 350]
000017.jpg,horse,12,[ 77  89 335 402]
000023.jpg,person,14,[  1   2 461 242]
000026.jpg,car,6,[124  89 211 336]
000032.jpg,aeroplane,0,[ 77 103 182 374]
000033.jpg,aeroplane,0,[106   8 262 498]
000034.jpg,train,18,[166 115 399 359]
000035.jpg,person,14,[ 97 217 317 464]
000036.jpg,dog,11,[ 78  26 343 318]
000042.jpg,train,18,[ 31 262 294 499]
000044.jpg,chair,8,[  0   0 329 369]
000047.jpg,car,6,[  0  14 311 458]
000048.jpg,person,14,[  0   1 499 301]
000061.jpg,boat,3,[ 10 273 278 436]
000064.jpg,bird,2,[ 22   0 499 450]
000066.jpg,person,14,[181 241 258 273]
000073.jpg,pottedplant,15,[142 120 459 374]
000077.jpg,cat,7,[  0   1 332 305]
000078.jpg,dog,11,[ 74  14 411 474]
000083.jpg,car,6,[ 32 108 308 446]
000089.jpg,chair,8,[ 50  21 290 316]
000091.jpg,car,6,[240 124 283 194]
000104.jpg,person,14,[  6   1 332 282]
000112.jpg,dog,11,[173  69 327 276]
000122.jpg,cat,7,[ 19  35 473 429]
000129.jpg,person,14,[  0  73 461 271]
000133.jpg,person,14,[ 17  72 499 405]
000134.jpg,car,6,[114   0 329 486]
000138.jpg,person,14,[ 53 223 331 439]
000140.jpg,sofa,17,[112   1 400 499]
000141.jpg,bird,2,[ 52  24 398 417]
000147.jpg,chair,8,[104  32 145  64]
000153.jpg,car,6,[146 236 190 357]
000154.jpg,boat,3,[ 75  58 265 366]
000159.jpg,car,6,[ 15   0 332 497]
000161.jpg,car,6,[ 33 103 389 445]
000162.jpg,person,14,[142 195 368 308]
000163.jpg,motorbike,13,[107  25 395 455]
000164.jpg,motorbike,13,[153 113 347 368]
000171.jpg,person,14,[ 20  93 490 374]
000173.jpg,horse,12,[ 63 108 463 287]
000174.jpg,person,14,[  4 142 332 425]
000187.jpg,tvmonitor,19,[ 94   0 335 239]
000189.jpg,bird,2,[ 38  64 345 458]
000192.jpg,person,14,[ 63 115 374 355]
000193.jpg,person,14,[  3  79 374 499]
000194.jpg,horse,12,[ 35  85 223 238]
000198.jpg,train,18,[133 159 238 285]
000200.jpg,person,14,[ 18 226 248 399]
000207.jpg,bus,5,[204   0 319 112]
000209.jpg,cat,7,[ 75  13 374 399]
000219.jpg,motorbike,13,[332 119 463 309]
000220.jpg,car,6,[126  39 291 463]
000222.jpg,person,14,[235 113 374 226]
000225.jpg,sheep,16,[ 95 124 262 354]
000228.jpg,aeroplane,0,[ 81  91 227 313]
000235.jpg,diningtable,10,[265  39 374 276]
000242.jpg,cat,7,[  2   2 286 498]
000250.jpg,bottle,4,[123  96 296 149]
000256.jpg,aeroplane,0,[ 95   7 231 490]
000259.jpg,person,14,[  0 170 360 498]
000262.jpg,car,6,[ 95 342 195 499]
000263.jpg,car,6,[223  18 322 354]
000276.jpg,person,14,[162 128 318 229]
000278.jpg,person,14,[ 88 110 374 416]
000282.jpg,person,14,[ 31   2 373 198]
000288.jpg,bus,5,[ 20  66 277 381]
000294.jpg,bird,2,[ 10 329 367 453]
000296.jpg,boat,3,[119  43 221 458]
000306.jpg,cow,9,[ 41 302  86 379]
000307.jpg,pottedplant,15,[  2   1 374 499]
000311.jpg,car,6,[ 41  46 353 432]
000312.jpg,train,18,[  1   2 333 499]
000317.jpg,car,6,[150 117 220 406]
000320.jpg,person,14,[ 77   0 499 371]
000325.jpg,aeroplane,0,[ 62  99 199 499]
000331.jpg,chair,8,[233 170 481 372]
000334.jpg,car,6,[109  36 177 272]
000337.jpg,person,14,[ 29 234 361 402]
000344.jpg,bottle,4,[  1  88 440 306]
000347.jpg,horse,12,[  1  76 347 410]
000349.jpg,diningtable,10,[130 158 361 412]
000355.jpg,car,6,[ 35  21 292 426]
000359.jpg,chair,8,[ 83  38 425 419]
000367.jpg,person,14,[ 65 173 264 294]
000370.jpg,boat,3,[103  93 255 252]
000372.jpg,horse,12,[ 21  77 303 252]
000379.jpg,bicycle,1,[ 15  45 340 442]
000382.jpg,boat,3,[166   2 499 162]
000387.jpg,car,6,[ 17   4 254 481]
000391.jpg,pottedplant,15,[ 46  56 457 464]
000394.jpg,person,14,[ 22   0 306 343]
000395.jpg,bird,2,[ 53 103 263 428]
000400.jpg,cat,7,[ 48  10 488 331]
000404.jpg,car,6,[ 88 132 320 393]
000406.jpg,car,6,[284  53 312 113]
000407.jpg,horse,12,[ 72  64 309 402]
000411.jpg,person,14,[194  19 296  54]
000416.jpg,sheep,16,[153 216 243 344]
000430.jpg,cat,7,[  0   5 325 499]
000431.jpg,aeroplane,0,[ 88  31 359 496]
000438.jpg,person,14,[ 55 239 331 431]
000446.jpg,person,14,[ 85  80 471 243]
000450.jpg,train,18,[ 35  37 425 324]
000454.jpg,dog,11,[ 14   0 296 459]
000463.jpg,motorbike,13,[ 76 195 164 300]
000468.jpg,person,14,[190   5 499 329]
000469.jpg,car,6,[ 27  15 314 453]
000470.jpg,horse,12,[ 88 193 334 414]
000474.jpg,car,6,[156  52 358 447]
000476.jpg,person,14,[109 125 372 357]
000477.jpg,person,14,[124 426 332 499]
000484.jpg,pottedplant,15,[ 37  47 374 461]
000489.jpg,bird,2,[185 223 229 296]
000496.jpg,chair,8,[209 418 318 481]
000503.jpg,sofa,17,[141 372 373 499]
000508.jpg,bird,2,[138 246 374 411]
000516.jpg,person,14,[  8   0 374 499]
000518.jpg,bus,5,[ 75  18 310 477]
000519.jpg,boat,3,[123  12 248 156]
000522.jpg,car,6,[127  35 270 433]
000524.jpg,horse,12,[125 180 286 361]
000525.jpg,motorbike,13,[158  96 225 217]
000526.jpg,person,14,[ 72 258 319 439]
000528.jpg,cat,7,[ 67 123 309 318]
000535.jpg,person,14,[ 54 205 238 315]
000537.jpg,dog,11,[ 11 110 399 395]
000541.jpg,car,6,[193 258 218 334]
000544.jpg,cat,7,[ 65   0 325 306]
000549.jpg,cat,7,[ 48   0 498 340]
000550.jpg,diningtable,10,[212 101 374 472]
000552.jpg,aeroplane,0,[121   3 257 497]
000554.jpg,sofa,17,[188   1 374 499]
000555.jpg,person,14,[178 159 373 421]
000559.jpg,tvmonitor,19,[ 25 159 240 370]
000565.jpg,bicycle,1,[ 91  55 373 421]
000577.jpg,horse,12,[  0   0 332 478]
000583.jpg,motorbike,13,[ 86  12 247 489]
000589.jpg,person,14,[  0  72 374 314]
000590.jpg,car,6,[108 198 335 499]
000592.jpg,sofa,17,[172 195 289 383]
000597.jpg,person,14,[176 385 313 464]
000605.jpg,car,6,[174 320 191 385]
000609.jpg,dog,11,[133  15 274 459]
000612.jpg,train,18,[  0   0 212 373]
000620.jpg,car,6,[181 113 308 302]
000622.jpg,cow,9,[ 86 155 338 400]
000625.jpg,person,14,[ 93 282 182 417]
000632.jpg,chair,8,[166  60 334 177]
000633.jpg,person,14,[ 21   1 374 338]
000635.jpg,train,18,[148 153 341 419]
000648.jpg,bus,5,[112  28 265 352]
000654.jpg,sheep,16,[151  54 248 214]
000657.jpg,aeroplane,0,[155 252 175 309]
000671.jpg,bicycle,1,[329  47 470 267]
000672.jpg,car,6,[ 90  11 306 494]
000680.jpg,bird,2,[143 212 240 318]
000685.jpg,motorbike,13,[  1  15 373 497]
000688.jpg,car,6,[ 41   7 316 499]
000689.jpg,train,18,[ 38   1 346 497]
000695.jpg,horse,12,[125 108 365 414]
000699.jpg,chair,8,[  1   0 380 499]
000700.jpg,car,6,[245 124 332 476]
000709.jpg,person,14,[ 56 118 351 393]
000710.jpg,chair,8,[181 187 463 302]
000711.jpg,pottedplant,15,[  1  58 186 235]
000726.jpg,person,14,[ 74  69 332 498]
000729.jpg,pottedplant,15,[  5   9 497 371]
000731.jpg,person,14,[ 74  12 372 299]
000733.jpg,motorbike,13,[200 102 434 447]
000739.jpg,person,14,[ 64 271 373 414]
000740.jpg,boat,3,[ 84 289 275 403]
000753.jpg,diningtable,10,[187 163 374 428]
000754.jpg,bus,5,[ 80  55 169 156]
000761.jpg,sofa,17,[140 149 321 436]
000764.jpg,horse,12,[ 79  78 270 365]
000767.jpg,cow,9,[  0  31 317 469]
000768.jpg,bus,5,[ 45  32 329 368]
000770.jpg,cow,9,[166 124 374 430]
000774.jpg,train,18,[ 35  84 224 446]
000793.jpg,bicycle,1,[159 150 279 309]
000796.jpg,bird,2,[117 164 315 417]
000804.jpg,sofa,17,[264 190 469 331]
000805.jpg,dog,11,[ 64  28 410 355]
000810.jpg,person,14,[ 12 150 374 497]
000812.jpg,person,14,[ 32 148 332 359]
000818.jpg,train,18,[120 294 203 499]
000820.jpg,sheep,16,[139 179 306 367]
000822.jpg,motorbike,13,[164  97 345 229]
000823.jpg,car,6,[159  48 264 342]
000827.jpg,cow,9,[159 249 201 309]
000828.jpg,person,14,[ 88 156 499 374]
000829.jpg,bus,5,[165 216 279 451]
000830.jpg,diningtable,10,[181 123 369 351]
000845.jpg,aeroplane,0,[ 96   8 205 492]
000849.jpg,dog,11,[ 55  22 327 158]
000850.jpg,bird,2,[ 70 212 208 333]
000851.jpg,motorbike,13,[129 102 310 401]
000859.jpg,person,14,[ 55  12 330 326]
000860.jpg,car,6,[ 84  80 291 427]
000865.jpg,person,14,[101 189 374 336]
000867.jpg,pottedplant,15,[ 95 171 190 229]
000871.jpg,car,6,[113   7 291 490]
000887.jpg,aeroplane,0,[ 48  24 246 472]
000888.jpg,car,6,[207  71 318 208]
000889.jpg,pottedplant,15,[  1 187 393 326]
000892.jpg,motorbike,13,[211 189 374 343]
000898.jpg,sofa,17,[114   0 360 498]
000899.jpg,train,18,[138  91 242 472]
000900.jpg,sheep,16,[134 259 268 341]
000902.jpg,dog,11,[ 84  70 313 331]
000904.jpg,person,14,[112  16 237 164]
000906.jpg,boat,3,[  0  22 215 382]
000908.jpg,aeroplane,0,[ 60   0 374 499]
000912.jpg,cat,7,[ 32 152 333 499]
000915.jpg,person,14,[ 70 205 374 415]
000919.jpg,dog,11,[ 81  38 329 351]
000929.jpg,diningtable,10,[ 64   0 374 499]
000936.jpg,aeroplane,0,[104 313 155 363]
000943.jpg,person,14,[ 68   0 371 177]
000950.jpg,diningtable,10,[193  51 323 437]
000951.jpg,bottle,4,[ 72 225 126 244]
000954.jpg,bird,2,[129   0 321 398]
000958.jpg,dog,11,[ 89   0 298 326]
000962.jpg,cat,7,[136   3 374 492]
000964.jpg,bird,2,[ 85 166 303 287]
000965.jpg,sofa,17,[ 85   1 499 373]
000966.jpg,train,18,[ 47  41 311 492]
000967.jpg,train,18,[123  22 332 499]
000977.jpg,car,6,[258 326 331 453]
000980.jpg,bird,2,[ 45 114 320 499]
000987.jpg,motorbike,13,[ 94  18 442 457]
000989.jpg,tvmonitor,19,[116  51 176 108]
000991.jpg,horse,12,[116 112 470 217]
000993.jpg,train,18,[136 213 276 365]
000996.jpg,diningtable,10,[156   4 374 499]
000997.jpg,sofa,17,[195   0 374 204]
000999.jpg,person,14,[ 15   1 499 279]
001001.jpg,cat,7,[ 63  61 374 324]
001002.jpg,boat,3,[383 198 482 374]
001008.jpg,motorbike,13,[153 219 279 299]
001010.jpg,tvmonitor,19,[  5 156 145 307]
001011.jpg,person,14,[  2 238 374 499]
001014.jpg,person,14,[ 90  85 374 358]
001015.jpg,bird,2,[187 391 208 417]
001024.jpg,person,14,[ 29   0 374 385]
001036.jpg,person,14,[  4 226 374 499]
001043.jpg,cat,7,[  8  60 308 481]
001050.jpg,person,14,[125 234 240 296]
001057.jpg,car,6,[ 37   5 334 352]
001060.jpg,car,6,[182 410 211 499]
001064.jpg,horse,12,[ 33  12 202 266]
001068.jpg,motorbike,13,[ 22  32 315 460]
001071.jpg,horse,12,[168 156 454 301]
001073.jpg,cow,9,[151 326 239 424]
001077.jpg,tvmonitor,19,[100  27 295 213]
001078.jpg,cat,7,[100   1 374 244]
001079.jpg,diningtable,10,[246   0 374 479]
001082.jpg,cat,7,[152 211 305 346]
001101.jpg,person,14,[ 27   1 331 216]
001106.jpg,chair,8,[173 338 362 464]
001112.jpg,train,18,[ 86 322 213 405]
001113.jpg,person,14,[ 77 250 325 405]
001119.jpg,car,6,[177 249 214 342]
001127.jpg,dog,11,[124  41 329 202]
001129.jpg,sofa,17,[ 28   1 269 499]
001130.jpg,cow,9,[106 113 265 295]
001140.jpg,person,14,[ 63 168 401 259]
001147.jpg,person,14,[  1  18 332 496]
001151.jpg,person,14,[  2 262 328 427]
001152.jpg,bus,5,[  1  51 335 447]
001156.jpg,cat,7,[ 79  99 323 413]
001158.jpg,chair,8,[  1   0 358 258]
001168.jpg,person,14,[  0   0 374 402]
001171.jpg,person,14,[ 65 289 330 478]
001172.jpg,train,18,[ 19  18 161 485]
001174.jpg,diningtable,10,[207 184 324 372]
001182.jpg,cow,9,[148 124 293 402]
001191.jpg,sheep,16,[  2   0 374 297]
001194.jpg,bicycle,1,[179  71 339 280]
001204.jpg,sofa,17,[191  80 372 474]
001205.jpg,boat,3,[ 75  87 262 313]
001207.jpg,bird,2,[ 76 124 374 499]
001209.jpg,dog,11,[ 95 195 237 272]
001212.jpg,person,14,[ 77 374 369 499]
001214.jpg,sofa,17,[164 239 374 499]
001226.jpg,dog,11,[ 49 104 273 498]
001229.jpg,person,14,[ 74  14 374 428]
001230.jpg,aeroplane,0,[153  67 252 398]
001234.jpg,person,14,[166  32 499 189]
001237.jpg,car,6,[155 114 212 265]
001239.jpg,dog,11,[137 227 374 380]
001240.jpg,person,14,[158  21 374 426]
001248.jpg,person,14,[ 19 396 344 496]
001258.jpg,car,6,[ 91 100 286 422]
001263.jpg,diningtable,10,[158 156 274 265]
001268.jpg,car,6,[ 89  28 244 322]
001269.jpg,person,14,[ 91 107 332 388]
001270.jpg,aeroplane,0,[125  30 233 447]
001273.jpg,bird,2,[131  52 418 391]
001279.jpg,person,14,[164  23 499 372]
001287.jpg,person,14,[102 177 400 499]
001294.jpg,car,6,[150 323 209 403]
001299.jpg,cow,9,[ 25  38 411 228]
001304.jpg,person,14,[183 142 263 174]
001309.jpg,person,14,[ 25  91 485 252]
001312.jpg,cow,9,[  0   0 317 479]
001314.jpg,cat,7,[  1  67 322 368]
001315.jpg,person,14,[ 50  41 333 236]
001323.jpg,train,18,[187  32 321 480]
001325.jpg,boat,3,[150  78 260 350]
001326.jpg,sofa,17,[  0  26 374 499]
001327.jpg,person,14,[ 53   0 499 225]
001332.jpg,aeroplane,0,[25 19 71 81]
001333.jpg,motorbike,13,[175 155 241 202]
001334.jpg,car,6,[ 69  15 287 488]
001345.jpg,chair,8,[166 286 261 355]
001346.jpg,person,14,[  0   6 227 261]
001348.jpg,bird,2,[ 51 162 209 312]
001364.jpg,car,6,[ 42  68 289 404]
001365.jpg,bird,2,[138 321 188 415]
001378.jpg,bird,2,[ 89 181 403 349]
001384.jpg,car,6,[139  89 323 333]
001385.jpg,bus,5,[117 178 193 364]
001388.jpg,sofa,17,[  1   1 413 499]
001390.jpg,person,14,[ 54  69 229 113]
001393.jpg,diningtable,10,[193  60 374 324]
001395.jpg,cat,7,[ 23  34 374 498]
001402.jpg,sofa,17,[117   0 374 368]
001404.jpg,cat,7,[ 21  56 360 442]
001405.jpg,horse,12,[ 58  82 434 272]
001406.jpg,sofa,17,[  0   0 372 499]
001408.jpg,person,14,[ 86  83 365 332]
001409.jpg,car,6,[ 73 225 239 463]
001414.jpg,car,6,[ 63  39 312 457]
001418.jpg,dog,11,[ 33  31 472 343]
001420.jpg,horse,12,[108 191 269 339]
001421.jpg,person,14,[  0 188 437 371]
001426.jpg,person,14,[  2   2 497 221]
001427.jpg,person,14,[113 158 296 266]
001434.jpg,bus,5,[221  96 310 234]
001436.jpg,aeroplane,0,[124 184 166 329]
001442.jpg,cow,9,[ 67  72 332 428]
001450.jpg,person,14,[ 69 182 252 329]
001451.jpg,person,14,[100  96 250 220]
001453.jpg,bird,2,[ 28 175 305 296]
001455.jpg,bicycle,1,[175 124 373 344]
001457.jpg,sofa,17,[120 135 263 349]
001468.jpg,cow,9,[ 63 137 255 249]
001470.jpg,tvmonitor,19,[ 29 102 233 310]
001479.jpg,person,14,[ 87 143 374 499]
001480.jpg,person,14,[ 62 172 340 431]
001483.jpg,train,18,[ 71 170 302 387]
001485.jpg,motorbike,13,[104  42 299 333]
001486.jpg,cat,7,[ 60 109 268 460]
001488.jpg,car,6,[151 253 203 384]
001492.jpg,car,6,[167 184 315 486]
001494.jpg,car,6,[242 121 370 320]
001498.jpg,person,14,[ 13  50 499 358]
001499.jpg,person,14,[222 211 299 237]
001501.jpg,person,14,[147 329 243 375]
001504.jpg,person,14,[421 258 492 280]
001512.jpg,bird,2,[129 159 231 434]
001515.jpg,horse,12,[ 12  59 499 360]
001517.jpg,dog,11,[108  18 290 415]
001521.jpg,person,14,[130 133 461 229]
001524.jpg,person,14,[ 83 138 211 204]
001526.jpg,person,14,[ 14 380 296 499]
001528.jpg,bird,2,[ 75  45 347 371]
001529.jpg,sofa,17,[156 159 316 449]
001532.jpg,car,6,[169 104 204 179]
001539.jpg,bicycle,1,[166 101 349 356]
001548.jpg,person,14,[144 132 327 286]
001555.jpg,cat,7,[293 332 367 389]
001556.jpg,horse,12,[ 30 322 291 434]
001557.jpg,aeroplane,0,[  2  35 106 378]
001559.jpg,car,6,[174 145 225 182]
001563.jpg,diningtable,10,[200  11 332 384]
001576.jpg,car,6,[171  50 279 457]
001579.jpg,bicycle,1,[253  35 440 323]
001580.jpg,person,14,[ 66 208 340 432]
001586.jpg,horse,12,[ 53  27 328 428]
001590.jpg,tvmonitor,19,[ 39 302 323 374]
001593.jpg,person,14,[127 124 432 275]
001594.jpg,person,14,[ 92 334 217 399]
001597.jpg,bird,2,[134 226 290 329]
001604.jpg,car,6,[ 87 244 339 499]
001607.jpg,dog,11,[  0  20 373 499]
001610.jpg,cat,7,[ 55  15 275 367]
001611.jpg,person,14,[170 157 499 424]
001612.jpg,train,18,[104 156 276 465]
001622.jpg,car,6,[246   0 417 148]
001627.jpg,person,14,[  6 103 474 279]
001630.jpg,person,14,[195 154 499 342]
001633.jpg,diningtable,10,[176  70 372 418]
001636.jpg,bicycle,1,[122  58 215 120]
001643.jpg,dog,11,[ 41   0 322 471]
001649.jpg,person,14,[ 52  11 498 437]
001650.jpg,sofa,17,[203 379 332 499]
001651.jpg,person,14,[120  62 499 341]
001654.jpg,person,14,[ 65 144 265 283]
001661.jpg,sheep,16,[198 106 373 329]
001662.jpg,car,6,[105  10 268 481]
001669.jpg,cat,7,[ 74  20 336 363]
001673.jpg,cat,7,[109  35 318 439]
001676.jpg,car,6,[ 37  29 218 482]
001680.jpg,dog,11,[103  90 499 330]
001683.jpg,diningtable,10,[212 223 278 429]
001684.jpg,bird,2,[  5  16 421 464]
001688.jpg,motorbike,13,[ 10  60 372 414]
001690.jpg,horse,12,[100  39 291 181]
001699.jpg,horse,12,[ 55  42 331 423]
001707.jpg,bird,2,[129   9 498 377]
001708.jpg,aeroplane,0,[ 92   5 244 497]
001711.jpg,person,14,[  0 311 152 429]
001713.jpg,cow,9,[ 63  34 355 478]
001714.jpg,sheep,16,[301 126 356 207]
001717.jpg,person,14,[ 98 226 403 364]
001721.jpg,person,14,[168 228 340 382]
001723.jpg,person,14,[ 10  77 371 308]
001729.jpg,chair,8,[ 62 370 331 499]
001732.jpg,boat,3,[190 347 288 443]
001733.jpg,sheep,16,[274 179 364 234]
001734.jpg,sheep,16,[ 83  99 312 440]
001738.jpg,dog,11,[ 67 124 299 322]
001739.jpg,bird,2,[177 148 316 213]
001741.jpg,cow,9,[110   0 250 114]
001750.jpg,sheep,16,[184 255 248 343]
001752.jpg,tvmonitor,19,[  3   2 499 374]
001754.jpg,person,14,[ 53  14 493 274]
001758.jpg,person,14,[107   3 499 231]
001759.jpg,person,14,[  1 297 374 499]
001761.jpg,aeroplane,0,[ 86  26 272 499]
001765.jpg,motorbike,13,[  6  74 352 386]
001766.jpg,horse,12,[238   0 374 215]
001768.jpg,cat,7,[ 62   0 343 260]
001777.jpg,diningtable,10,[ 98   4 333 496]
001780.jpg,motorbike,13,[ 74 151 254 394]
001787.jpg,bird,2,[100 146 346 276]
001789.jpg,train,18,[ 83   0 287 158]
001800.jpg,person,14,[ 71  83 370 241]
001806.jpg,person,14,[156 116 374 208]
001809.jpg,tvmonitor,19,[251   8 366  84]
001810.jpg,person,14,[ 50   0 374 235]
001821.jpg,car,6,[124  91 247 361]
001825.jpg,cat,7,[ 38   0 299 402]
001828.jpg,person,14,[ 32   1 444 288]
001832.jpg,person,14,[  0   0 374 499]
001834.jpg,diningtable,10,[ 38  45 303 455]
001836.jpg,sofa,17,[ 80   1 374 461]
001840.jpg,cat,7,[173 127 295 320]
001841.jpg,person,14,[219   1 499 277]
001843.jpg,person,14,[ 16  61 374 272]
001845.jpg,car,6,[176  26 342 229]
001853.jpg,bird,2,[ 62 201 285 342]
001854.jpg,person,14,[ 37  51 498 276]
001858.jpg,aeroplane,0,[ 98  16 215 474]
001861.jpg,person,14,[  8  65 362 483]
001864.jpg,person,14,[ 54  60 374 248]
001870.jpg,aeroplane,0,[ 15   3 399 399]
001881.jpg,car,6,[ 76  61 356 455]
001892.jpg,bus,5,[  2   3 372 499]
001894.jpg,horse,12,[  1 210 374 499]
001896.jpg,bird,2,[ 58 279 370 421]
001898.jpg,pottedplant,15,[105  68 177 139]
001902.jpg,bus,5,[146 255 273 499]
001903.jpg,motorbike,13,[141  92 332 357]
001904.jpg,person,14,[ 68 198 334 390]
001906.jpg,cat,7,[146 102 271 392]
001915.jpg,bird,2,[219  21 264  86]
001922.jpg,aeroplane,0,[ 74  64 268 469]
001928.jpg,motorbike,13,[ 81   6 418 403]
001930.jpg,person,14,[125 219 326 313]
001937.jpg,car,6,[210  10 432 331]
001938.jpg,person,14,[  2   2 374 499]
001941.jpg,motorbike,13,[ 45 117 309 499]
001945.jpg,horse,12,[160  92 476 220]
001950.jpg,person,14,[239 152 290 169]
001952.jpg,bird,2,[ 25  25 371 474]
001954.jpg,car,6,[118 117 250 336]
001960.jpg,horse,12,[137 107 331 263]
001963.jpg,diningtable,10,[282   4 374 498]
001971.jpg,cat,7,[ 70 138 265 498]
001977.jpg,person,14,[ 47 179 233 480]
001978.jpg,person,14,[150 138 320 209]
001980.jpg,person,14,[ 17 163 374 499]
001981.jpg,cat,7,[  0  35 272 328]
001985.jpg,dog,11,[ 91  80 485 237]
001989.jpg,person,14,[ 93  65 374 444]
001995.jpg,chair,8,[ 34  91 249 280]
001999.jpg,person,14,[ 53  83 374 261]
002001.jpg,aeroplane,0,[109 169 127 205]
002002.jpg,chair,8,[162  23 264  96]
002004.jpg,tvmonitor,19,[110  36 274 189]
002006.jpg,cat,7,[  2   0 374 474]
002012.jpg,person,14,[117 155 244 194]
002015.jpg,pottedplant,15,[  2 310 330 499]
002020.jpg,bird,2,[ 79  34 304 417]
002025.jpg,chair,8,[296 203 499 331]
002027.jpg,bus,5,[277 269 294 356]
002034.jpg,cat,7,[121   7 287 206]
002037.jpg,bird,2,[ 88  99 366 401]
002039.jpg,boat,3,[ 86 245 174 283]
002042.jpg,horse,12,[181  74 359 259]
002043.jpg,horse,12,[ 11  37 496 363]
002047.jpg,sofa,17,[224 209 284 294]
002049.jpg,pottedplant,15,[ 79  25 289 333]
002051.jpg,person,14,[  1   0 499 332]
002055.jpg,person,14,[145  63 374 228]
002056.jpg,bus,5,[138  92 401 302]
002061.jpg,diningtable,10,[166   0 373 492]
002068.jpg,train,18,[112 230 195 371]
002069.jpg,person,14,[ 43 131 336 244]
002095.jpg,cat,7,[ 20   4 379 288]
002096.jpg,person,14,[ 44  45 499 269]
002104.jpg,motorbike,13,[ 81  37 301 477]
002108.jpg,diningtable,10,[199   0 374 499]
002116.jpg,dog,11,[205 176 372 424]
002117.jpg,person,14,[ 82  68 320 223]
002120.jpg,person,14,[ 23  63 333 495]
002126.jpg,cow,9,[  1 219 374 499]
002132.jpg,tvmonitor,19,[154 183 248 305]
002134.jpg,car,6,[ 60   0 341 483]
002139.jpg,bottle,4,[  0 193 337 399]
002151.jpg,cat,7,[  0  28 326 304]
002153.jpg,car,6,[165  82 290 374]
002155.jpg,motorbike,13,[ 18  37 302 498]
002156.jpg,diningtable,10,[166  32 304 299]
002158.jpg,bird,2,[142  28 245 292]
002166.jpg,train,18,[ 73  13 316 480]
002170.jpg,car,6,[260 147 343 378]
002172.jpg,person,14,[261 125 353 175]
002176.jpg,person,14,[ 28  95 388 464]
002178.jpg,car,6,[135  99 319 459]
002179.jpg,pottedplant,15,[  7   5 372 486]
002180.jpg,train,18,[ 88  97 374 475]
002182.jpg,car,6,[120  14 251 437]
002186.jpg,person,14,[157 232 254 296]
002187.jpg,horse,12,[143 180 291 413]
002191.jpg,motorbike,13,[  3   0 373 499]
002192.jpg,pottedplant,15,[ 45 190 332 364]
002193.jpg,person,14,[110 278 322 352]
002194.jpg,person,14,[125 294 304 463]
002196.jpg,cat,7,[  1   3 499 374]
002197.jpg,car,6,[115   0 335 329]
002199.jpg,dog,11,[162  68 371 476]
002208.jpg,boat,3,[ 91 134 360 499]
002212.jpg,bird,2,[ 71  41 246 458]
002215.jpg,cat,7,[ 54  12 257 173]
002219.jpg,person,14,[ 64 219 176 313]
002221.jpg,person,14,[ 57 147 452 374]
002224.jpg,person,14,[ 38   0 373 267]
002234.jpg,boat,3,[149 109 249 414]
002237.jpg,cow,9,[  0  57 374 478]
002238.jpg,person,14,[ 90 234 230 299]
002241.jpg,car,6,[171   3 276 149]
002247.jpg,car,6,[258   8 450 374]
002249.jpg,horse,12,[  1   2 331 498]
002253.jpg,bicycle,1,[ 16  13 318 478]
002255.jpg,aeroplane,0,[ 69  86 268 310]
002256.jpg,bus,5,[194 326 372 499]
002260.jpg,motorbike,13,[ 60 106 286 446]
002265.jpg,person,14,[ 38   0 499 205]
002277.jpg,person,14,[  0  85 499 380]
002279.jpg,aeroplane,0,[ 11  25 317 442]
002280.jpg,tvmonitor,19,[179 400 286 499]
002284.jpg,pottedplant,15,[277 109 492 249]
002287.jpg,chair,8,[  0   0 374 499]
002291.jpg,car,6,[ 99 124 336 421]
002293.jpg,person,14,[ 46   1 499 263]
002306.jpg,person,14,[ 55  19 345 140]
002307.jpg,car,6,[118 192 258 485]
002310.jpg,bird,2,[ 29 153 332 483]
002311.jpg,car,6,[ 56   0 354 498]
002315.jpg,dog,11,[ 36 176 248 393]
002318.jpg,motorbike,13,[166  28 339 187]
002320.jpg,pottedplant,15,[ 32  68 201 281]
002321.jpg,train,18,[196 116 305 241]
002323.jpg,cow,9,[109  69 282 378]
002334.jpg,chair,8,[261  82 374 324]
002335.jpg,sofa,17,[ 53   0 374 499]
002342.jpg,person,14,[ 38  22 499 375]
002347.jpg,pottedplant,15,[252 164 327 240]
002350.jpg,bottle,4,[  2  85 499 293]
002354.jpg,aeroplane,0,[127  63 251 450]
002355.jpg,car,6,[136  17 313 487]
002359.jpg,dog,11,[113  11 374 350]
002362.jpg,chair,8,[253 209 374 417]
002368.jpg,chair,8,[273 182 390 271]
002373.jpg,car,6,[ 17  46 318 406]
002384.jpg,person,14,[ 63  42 367 297]
002392.jpg,boat,3,[105  59 176 411]
002401.jpg,person,14,[ 84  12 499 300]
002403.jpg,boat,3,[ 29 282 173 393]
002405.jpg,horse,12,[118  52 406 353]
002410.jpg,person,14,[ 27  87 317 355]
002411.jpg,car,6,[162 128 258 299]
002413.jpg,person,14,[  8  88 498 374]
002419.jpg,motorbike,13,[105 112 261 378]
002420.jpg,car,6,[ 47  80 250 474]
002423.jpg,train,18,[145 232 236 409]
002433.jpg,person,14,[102   0 374 327]
002436.jpg,car,6,[157  65 209 216]
002439.jpg,aeroplane,0,[101  40 227 414]
002442.jpg,diningtable,10,[ 20   2 496 374]
002443.jpg,dog,11,[174  50 392 332]
002445.jpg,cat,7,[ 88  12 489 348]
002448.jpg,horse,12,[145  40 434 359]
002458.jpg,motorbike,13,[149  21 202 101]
002461.jpg,cat,7,[ 48 163 269 319]
002465.jpg,boat,3,[ 13  45 321 499]
002466.jpg,dog,11,[ 91 124 216 420]
002468.jpg,bird,2,[171  44 329 177]
002471.jpg,horse,12,[ 42   4 374 301]
002472.jpg,aeroplane,0,[145 135 234 383]
002478.jpg,car,6,[249 279 334 482]
002480.jpg,cat,7,[110 145 311 406]
002481.jpg,person,14,[ 18  14 425 315]
002483.jpg,person,14,[110 193 370 304]
002490.jpg,bus,5,[133   0 339 146]
002494.jpg,cow,9,[ 22   9 373 499]
002496.jpg,train,18,[ 69  60 347 499]
002500.jpg,boat,3,[  0  62 470 339]
002501.jpg,chair,8,[123   5 374 261]
002502.jpg,train,18,[113  11 411 274]
002512.jpg,bicycle,1,[187   0 374 298]
002514.jpg,person,14,[ 35 163 332 385]
002518.jpg,person,14,[127 253 322 361]
002519.jpg,motorbike,13,[  1  54 374 475]
002533.jpg,car,6,[ 40  36 355 430]
002534.jpg,car,6,[156 225 196 280]
002539.jpg,bus,5,[  0   0 332 499]
002544.jpg,car,6,[118  80 276 421]
002545.jpg,person,14,[ 42  74 495 205]
002547.jpg,bird,2,[141 194 283 271]
002554.jpg,person,14,[107 166 214 286]
002555.jpg,horse,12,[ 94 202 374 486]
002558.jpg,person,14,[ 38  85 267 221]
002559.jpg,car,6,[ 63 102 292 452]
002564.jpg,person,14,[ 33 156 332 447]
002569.jpg,pottedplant,15,[ 22  32 481 352]
002571.jpg,bird,2,[  4   0 332 315]
002572.jpg,person,14,[ 72  32 332 209]
002579.jpg,bird,2,[ 73  79 474 356]
002590.jpg,train,18,[271   2 442 373]
002594.jpg,pottedplant,15,[ 29 357 174 496]
002595.jpg,car,6,[114  67 233 441]
002599.jpg,motorbike,13,[ 42  69 363 424]
002603.jpg,bird,2,[ 98 184 244 303]
002609.jpg,dog,11,[ 39  39 254 216]
002611.jpg,person,14,[  0   0 350 396]
002625.jpg,car,6,[293  41 312  87]
002627.jpg,diningtable,10,[334   3 499 374]
002634.jpg,cow,9,[101 162 311 391]
002635.jpg,bird,2,[108 136 280 418]
002645.jpg,chair,8,[167 248 331 382]
002647.jpg,car,6,[173 220 211 305]
002648.jpg,sheep,16,[156 103 371 301]
002653.jpg,boat,3,[ 11   1 374 455]
002662.jpg,diningtable,10,[169 119 377 490]
002664.jpg,bird,2,[107 148 172 268]
002666.jpg,motorbike,13,[173   2 447 298]
002669.jpg,cow,9,[190 115 286 244]
002680.jpg,dog,11,[ 35   3 333 499]
002682.jpg,car,6,[150 167 278 329]
002683.jpg,sheep,16,[122 129 292 347]
002684.jpg,horse,12,[ 46  70 492 446]
002691.jpg,person,14,[ 26  63 374 477]
002697.jpg,dog,11,[ 25  24 497 215]
002702.jpg,chair,8,[188  88 499 332]
002704.jpg,car,6,[ 96  11 499 331]
002710.jpg,person,14,[ 62 124 330 492]
002713.jpg,person,14,[ 49  42 378 207]
002715.jpg,bicycle,1,[282 111 374 319]
002722.jpg,bicycle,1,[ 47  57 316 484]
002730.jpg,car,6,[ 87 185 293 384]
002735.jpg,horse,12,[167  53 432 333]
002737.jpg,aeroplane,0,[ 90 124 199 419]
002738.jpg,boat,3,[ 89  35 179 119]
002744.jpg,person,14,[ 17   0 377 187]
002745.jpg,bottle,4,[ 58 212 441 311]
002749.jpg,cow,9,[ 24 174 318 499]
002755.jpg,person,14,[ 81 290 356 493]
002757.jpg,train,18,[ 56  74 369 466]
002759.jpg,motorbike,13,[ 81  74 309 412]
002763.jpg,cow,9,[116  64 346 410]
002765.jpg,aeroplane,0,[115 202 171 359]
002766.jpg,cat,7,[115 166 237 322]
002774.jpg,horse,12,[127  71 374 339]
002778.jpg,chair,8,[293 321 374 394]
002779.jpg,car,6,[131  31 233 228]
002782.jpg,train,18,[ 33   0 266 466]
002783.jpg,bus,5,[294 280 353 337]
002791.jpg,bird,2,[114 113 308 486]
002795.jpg,motorbike,13,[203 195 248 255]
002796.jpg,cat,7,[226 129 363 305]
002801.jpg,diningtable,10,[  1   1 374 499]
002804.jpg,person,14,[155 218 310 263]
002807.jpg,motorbike,13,[113  75 448 394]
002816.jpg,bus,5,[144  50 306 453]
002817.jpg,pottedplant,15,[  7  22 318 380]
002820.jpg,pottedplant,15,[228 409 303 492]
002826.jpg,person,14,[ 92 127 460 315]
002834.jpg,person,14,[  1   3 484 222]
002841.jpg,person,14,[ 76  97 433 331]
002844.jpg,train,18,[ 36 140 247 499]
002845.jpg,sheep,16,[264  13 346 174]
002848.jpg,motorbike,13,[ 14 200  81 277]
002855.jpg,sofa,17,[191 214 373 474]
002858.jpg,horse,12,[ 78  67 479 291]
002864.jpg,person,14,[ 17 252 345 499]
002866.jpg,diningtable,10,[224 121 374 346]
002867.jpg,bus,5,[  0 166 455 373]
002868.jpg,cow,9,[233  78 318 191]
002869.jpg,aeroplane,0,[ 93  20 225 488]
002870.jpg,person,14,[ 14  67 279 178]
002873.jpg,aeroplane,0,[195 139 220 244]
002881.jpg,person,14,[ 42  84 469 322]
002899.jpg,bus,5,[ 55  25 389 370]
002906.jpg,train,18,[194 148 379 292]
002914.jpg,person,14,[ 12 286 373 499]
002919.jpg,bird,2,[  3  26 360 362]
002931.jpg,person,14,[ 79 270 374 499]
002934.jpg,cat,7,[  4  30 440 392]
002937.jpg,car,6,[ 56  71 297 368]
002939.jpg,person,14,[100 158 374 335]
002953.jpg,tvmonitor,19,[ 51 215 303 415]
002956.jpg,bicycle,1,[177 244 333 471]
002957.jpg,chair,8,[ 35   0 374 436]
002958.jpg,person,14,[  1  64 332 499]
002962.jpg,person,14,[  0 191 325 465]
002969.jpg,bird,2,[124 138 373 499]
002975.jpg,train,18,[ 24 224 206 499]
002976.jpg,person,14,[198   2 499 239]
002987.jpg,person,14,[157 127 333 321]
002988.jpg,person,14,[ 17 104 334 406]
002989.jpg,chair,8,[177  80 264 196]
002990.jpg,person,14,[176 198 307 258]
002992.jpg,bicycle,1,[201  29 422 315]
002995.jpg,cat,7,[ 23   0 499 391]
003002.jpg,person,14,[103 120 417 316]
003003.jpg,person,14,[129 343 374 499]
003007.jpg,car,6,[  1  28 295 499]
003011.jpg,sofa,17,[217 273 373 477]
003013.jpg,car,6,[116  84 290 431]
003024.jpg,sofa,17,[ 71   4 162 149]
003027.jpg,horse,12,[ 92 137 288 396]
003034.jpg,person,14,[ 96  39 306 258]
003042.jpg,diningtable,10,[186  99 365 406]
003047.jpg,bicycle,1,[ 86 276 172 365]
003051.jpg,car,6,[ 81  29 206 282]
003053.jpg,train,18,[177 281 235 449]
003061.jpg,chair,8,[ 10 285 219 445]
003063.jpg,sofa,17,[ 42   2 385 371]
003066.jpg,bird,2,[169 138 269 254]
003074.jpg,bird,2,[191 205 221 259]
003077.jpg,person,14,[138  72 288 155]
003083.jpg,bus,5,[425 269 479 374]
003085.jpg,cat,7,[ 80 173 265 326]
003088.jpg,person,14,[ 64  68 374 329]
003092.jpg,car,6,[ 45 153 246 439]
003100.jpg,dog,11,[262  48 329 174]
003103.jpg,car,6,[ 63  32 185 327]
003105.jpg,cow,9,[ 55  41 270 350]
003106.jpg,person,14,[ 14 184 373 400]
003107.jpg,person,14,[130   0 499 273]
003108.jpg,sofa,17,[ 42 213 332 499]
003110.jpg,dog,11,[126 212 265 274]
003116.jpg,bird,2,[ 66  99 399 486]
003122.jpg,person,14,[ 67 308 374 499]
003124.jpg,motorbike,13,[ 28  53 324 474]
003133.jpg,aeroplane,0,[ 54  31 212 434]
003134.jpg,person,14,[  0 269 365 482]
003135.jpg,train,18,[113   1 275 496]
003138.jpg,person,14,[ 75 204 374 444]
003140.jpg,person,14,[ 75  15 334 342]
003145.jpg,person,14,[ 26  16 374 350]
003146.jpg,pottedplant,15,[152  42 318 213]
003147.jpg,dog,11,[144 152 256 365]
003149.jpg,bottle,4,[ 30 130 330 463]
003150.jpg,person,14,[ 70 193 339 462]
003155.jpg,bird,2,[120   3 418 312]
003157.jpg,tvmonitor,19,[ 56 136 184 302]
003159.jpg,person,14,[ 96  51 293 190]
003161.jpg,sheep,16,[157 393 275 449]
003163.jpg,bus,5,[ 65  55 239 440]
003165.jpg,car,6,[ 51  41 300 272]
003169.jpg,cat,7,[112  53 331 473]
003175.jpg,person,14,[ 99   9 499 324]
003181.jpg,person,14,[ 31   1 332 269]
003183.jpg,aeroplane,0,[175 219 190 242]
003184.jpg,cat,7,[ 73   1 374 499]
003185.jpg,person,14,[ 72 104 374 230]
003188.jpg,bicycle,1,[124  53 374 319]
003202.jpg,chair,8,[138 171 274 294]
003204.jpg,tvmonitor,19,[194 171 298 277]
003205.jpg,chair,8,[167  10 446 321]
003211.jpg,pottedplant,15,[121 305 365 426]
003214.jpg,car,6,[142 229 219 495]
003229.jpg,aeroplane,0,[160 346 224 432]
003231.jpg,car,6,[269  37 365 166]
003233.jpg,aeroplane,0,[ 77   0 343 497]
003236.jpg,sofa,17,[  0 242 281 499]
003240.jpg,car,6,[140 183 277 373]
003242.jpg,bird,2,[147 180 250 271]
003244.jpg,train,18,[141   0 244 497]
003247.jpg,person,14,[ 13 260 331 379]
003253.jpg,person,14,[  0   0 425 499]
003254.jpg,bird,2,[131 209 204 300]
003259.jpg,person,14,[ 52  96 297 297]
003260.jpg,person,14,[ 57  10 448 111]
003261.jpg,person,14,[  0   0 373 205]
003269.jpg,bottle,4,[  0  53 373 219]
003270.jpg,bird,2,[ 79 117 304 326]
003273.jpg,bird,2,[103 140 283 304]
003279.jpg,sofa,17,[ 84 173 269 499]
003280.jpg,person,14,[ 58 106 332 493]
003282.jpg,person,14,[ 18   1 499 333]
003284.jpg,person,14,[171  60 371 232]
003290.jpg,horse,12,[ 75 237 284 402]
003292.jpg,person,14,[ 43 125 239 230]
003303.jpg,person,14,[161  61 303 148]
003308.jpg,chair,8,[276  10 499 180]
003320.jpg,person,14,[ 70   0 332 184]
003330.jpg,bird,2,[ 95 267 246 374]
003331.jpg,car,6,[139 160 225 312]
003336.jpg,motorbike,13,[ 60   2 374 241]
003337.jpg,boat,3,[145  70 209 364]
003338.jpg,bird,2,[ 74 195 284 333]
003339.jpg,dog,11,[ 23  20 287 313]
003343.jpg,dog,11,[ 81 166 332 406]
003349.jpg,bird,2,[ 54  87 288 326]
003350.jpg,diningtable,10,[  0   0 331 471]
003354.jpg,cow,9,[ 74  92 222 255]
003355.jpg,car,6,[  1   1 241 323]
003356.jpg,tvmonitor,19,[ 62  98 325 386]
003359.jpg,car,6,[ 30  21 364 425]
003363.jpg,car,6,[232   1 478 313]
003365.jpg,aeroplane,0,[107 117 196 449]
003367.jpg,motorbike,13,[212  14 301 110]
003369.jpg,aeroplane,0,[  0   0 298 446]
003373.jpg,dog,11,[159 231 328 440]
003374.jpg,dog,11,[117 134 358 310]
003379.jpg,car,6,[113  67 212 408]
003380.jpg,person,14,[ 26 244 374 499]
003382.jpg,person,14,[157 145 499 374]
003392.jpg,cat,7,[  2 134 374 496]
003395.jpg,bicycle,1,[211  77 492 316]
003396.jpg,motorbike,13,[ 83  13 329 375]
003401.jpg,chair,8,[140  18 280 190]
003406.jpg,car,6,[  3   1 373 499]
003408.jpg,sofa,17,[258 297 374 499]
003412.jpg,motorbike,13,[130  59 499 331]
003413.jpg,boat,3,[ 28  67 326 258]
003416.jpg,person,14,[ 10   0 295 319]
003417.jpg,train,18,[ 82  19 256 432]
003420.jpg,car,6,[215  24 265 120]
003421.jpg,chair,8,[321 106 499 299]
003424.jpg,person,14,[ 81  94 411 268]
003430.jpg,dog,11,[127 149 323 354]
003433.jpg,person,14,[ 15 145 394 326]
003436.jpg,horse,12,[ 91 277 360 438]
003439.jpg,cow,9,[ 88  85 294 278]
003441.jpg,bus,5,[ 97 104 273 377]
003450.jpg,sofa,17,[132  21 369 422]
003452.jpg,diningtable,10,[299  85 470 256]
003466.jpg,person,14,[ 14 176 282 444]
003477.jpg,chair,8,[114  97 350 258]
003484.jpg,car,6,[ 64  48 322 490]
003487.jpg,person,14,[160  49 373 415]
003489.jpg,dog,11,[ 31 279 256 455]
003491.jpg,dog,11,[ 14  30 346 418]
003493.jpg,aeroplane,0,[118 136 233 439]
003496.jpg,person,14,[  4   0 332 465]
003497.jpg,train,18,[100  24 253 356]
003499.jpg,train,18,[ 25 106 323 495]
003500.jpg,cat,7,[ 80   0 367 372]
003506.jpg,pottedplant,15,[ 41  62 286 260]
003508.jpg,dog,11,[156   0 499 268]
003509.jpg,pottedplant,15,[ 27 183 498 374]
003510.jpg,chair,8,[243 409 346 462]
003511.jpg,bicycle,1,[  8  51 322 468]
003522.jpg,cat,7,[  1 248 327 499]
003524.jpg,bird,2,[ 38  33 479 417]
003525.jpg,cat,7,[  0 159 374 447]
003529.jpg,person,14,[ 44  93 304 333]
003539.jpg,person,14,[ 63  81 326 225]
003548.jpg,person,14,[ 35  50 374 499]
003549.jpg,bicycle,1,[ 47 158 214 349]
003550.jpg,person,14,[ 15 152 499 290]
003551.jpg,car,6,[111  31 290 431]
003555.jpg,car,6,[240 437 300 499]
003564.jpg,train,18,[ 50  92 303 338]
003565.jpg,bird,2,[217 279 316 499]
003575.jpg,sofa,17,[145  21 363 343]
003576.jpg,bus,5,[ 68 199 230 499]
003577.jpg,diningtable,10,[205   0 374 419]
003585.jpg,motorbike,13,[243  88 424 290]
003586.jpg,cat,7,[  0   1 187 246]
003588.jpg,chair,8,[ 62 199 318 323]
003596.jpg,car,6,[106  77 303 428]
003599.jpg,bicycle,1,[ 33 125 326 375]
003603.jpg,diningtable,10,[222  94 374 416]
003604.jpg,dog,11,[102  61 374 499]
003605.jpg,train,18,[ 79  14 382 499]
003608.jpg,car,6,[ 63  85 284 442]
003609.jpg,chair,8,[134   5 269 185]
003614.jpg,bird,2,[112  81 249 271]
003621.jpg,bicycle,1,[152 198 270 327]
003622.jpg,pottedplant,15,[222  67 346 181]
003625.jpg,horse,12,[ 87 126 274 377]
003627.jpg,dog,11,[  0 134 332 364]
003628.jpg,train,18,[  0  50 323 447]
003629.jpg,pottedplant,15,[ 41 228 321 386]
003634.jpg,car,6,[101 267 214 470]
003635.jpg,bus,5,[ 44   2 324 499]
003642.jpg,bus,5,[ 57  25 225 460]
003644.jpg,person,14,[103 290 280 460]
003645.jpg,person,14,[113 170 177 203]
003646.jpg,bird,2,[141 199 301 275]
003656.jpg,cat,7,[36 33 83 90]
003658.jpg,bicycle,1,[  9  24 332 495]
003662.jpg,chair,8,[146 174 499 332]
003663.jpg,person,14,[ 42   0 281 301]
003664.jpg,person,14,[214 200 373 415]
003671.jpg,dog,11,[  5 134 322 357]
003678.jpg,person,14,[ 87 236 325 489]
003679.jpg,bird,2,[ 52  37 301 431]
003681.jpg,sheep,16,[ 58 335 350 499]
003688.jpg,person,14,[  1   1 332 266]
003694.jpg,pottedplant,15,[ 57  53 262 150]
003695.jpg,train,18,[144   0 282 479]
003698.jpg,sheep,16,[258 355 321 403]
003699.jpg,person,14,[ 64   0 311 433]
003700.jpg,person,14,[109 422 368 490]
003704.jpg,bird,2,[ 61 219 346 457]
003705.jpg,sheep,16,[ 99 195 175 269]
003713.jpg,car,6,[216   1 343  74]
003714.jpg,sheep,16,[168 176 288 297]
003732.jpg,horse,12,[  0  66 499 374]
003735.jpg,horse,12,[ 77  74 329 404]
003740.jpg,person,14,[155   6 352  98]
003743.jpg,sofa,17,[144  83 272 291]
003748.jpg,bird,2,[173 261 319 414]
003749.jpg,person,14,[ 56 169 374 499]
003751.jpg,sofa,17,[189   1 333 139]
003752.jpg,train,18,[322 403 350 499]
003758.jpg,pottedplant,15,[  1  82 332 488]
003759.jpg,person,14,[135 253 374 425]
003763.jpg,cat,7,[  0   0 374 406]
003767.jpg,chair,8,[200 277 374 455]
003773.jpg,aeroplane,0,[120  12 229 484]
003779.jpg,horse,12,[104  55 382 399]
003781.jpg,person,14,[ 97  31 374 333]
003784.jpg,bicycle,1,[231  31 406 310]
003786.jpg,bus,5,[164 170 272 286]
003788.jpg,chair,8,[  0   0 280 499]
003790.jpg,car,6,[114  53 268 461]
003792.jpg,dog,11,[107 177 287 409]
003797.jpg,boat,3,[  0  38 399 499]
003806.jpg,car,6,[ 26  84 260 432]
003807.jpg,cat,7,[ 66  35 374 499]
003811.jpg,boat,3,[ 86 129 268 312]
003817.jpg,person,14,[  2   4 332 430]
003818.jpg,train,18,[136 169 209 340]
003824.jpg,motorbike,13,[144  60 450 300]
003827.jpg,person,14,[ 87 195 261 273]
003828.jpg,bird,2,[ 52 167  85 222]
003830.jpg,train,18,[ 19  42 340 499]
003834.jpg,pottedplant,15,[ 49 294 334 495]
003835.jpg,bus,5,[196  42 312 184]
003847.jpg,person,14,[150 203 374 499]
003849.jpg,motorbike,13,[174 169 266 300]
003856.jpg,person,14,[ 20 118 358 372]
003859.jpg,diningtable,10,[119   0 499 374]
003860.jpg,boat,3,[  0   0 211 457]
003861.jpg,boat,3,[ 51 114 293 286]
003865.jpg,person,14,[ 59 384 374 499]
003866.jpg,train,18,[ 81  10 233 384]
003874.jpg,sheep,16,[293  99 323 147]
003879.jpg,person,14,[ 72  85 325 190]
003887.jpg,cow,9,[442 174 471 211]
003889.jpg,horse,12,[ 78 156 293 281]
003890.jpg,cat,7,[269   6 499 281]
003898.jpg,bird,2,[ 74 102 103 156]
003899.jpg,dog,11,[116 123 296 317]
003907.jpg,sofa,17,[208 268 374 495]
003912.jpg,cat,7,[ 99 113 393 486]
003913.jpg,person,14,[  1 209 373 499]
003921.jpg,dog,11,[ 67  82 374 397]
003932.jpg,person,14,[ 19  61 492 282]
003935.jpg,dog,11,[ 54  97 339 346]
003936.jpg,car,6,[201  33 258 189]
003939.jpg,horse,12,[ 86 110 197 346]
003945.jpg,bicycle,1,[135 102 255 226]
003949.jpg,bird,2,[150 209 192 244]
003953.jpg,person,14,[179  93 428 299]
003956.jpg,pottedplant,15,[ 75   1 499 374]
003961.jpg,person,14,[  0   0 499 328]
003969.jpg,bird,2,[135  75 184 131]
003970.jpg,horse,12,[114  95 436 229]
003971.jpg,car,6,[124  25 272 478]
003974.jpg,boat,3,[ 46   0 258 288]
003983.jpg,tvmonitor,19,[ 53 149 217 336]
003987.jpg,car,6,[378   1 498 279]
003988.jpg,chair,8,[221   0 335 116]
003991.jpg,cat,7,[ 52  78 263 499]
003993.jpg,aeroplane,0,[ 86  44 244 417]
003997.jpg,car,6,[109 170 261 446]
003998.jpg,car,6,[ 59  11 306 499]
004005.jpg,train,18,[184 117 216 359]
004008.jpg,dog,11,[ 54 132 309 287]
004009.jpg,aeroplane,0,[105 152 254 273]
004012.jpg,chair,8,[112   0 499 374]
004013.jpg,bird,2,[169 169 342 386]
004014.jpg,chair,8,[ 74   0 499 373]
004016.jpg,cat,7,[ 58 110 291 390]
004017.jpg,person,14,[  3   9 374 449]
004019.jpg,car,6,[315 393 359 473]
004023.jpg,cow,9,[ 84 248 329 499]
004028.jpg,pottedplant,15,[  1   1 226 123]
004033.jpg,motorbike,13,[  0 188 279 446]
004034.jpg,dog,11,[117 101 457 374]
004035.jpg,dog,11,[ 14 230 296 393]
004037.jpg,pottedplant,15,[333   2 421  53]
004046.jpg,bird,2,[ 55 195 197 364]
004052.jpg,aeroplane,0,[107  46 212 397]
004058.jpg,person,14,[ 23   0 402 212]
004067.jpg,motorbike,13,[147 284 181 336]
004091.jpg,car,6,[142   0 374 196]
004092.jpg,person,14,[101  72 373 429]
004093.jpg,chair,8,[188 256 319 380]
004095.jpg,dog,11,[ 96 185 303 322]
004100.jpg,tvmonitor,19,[161 317 285 466]
004106.jpg,chair,8,[280 190 374 423]
004111.jpg,person,14,[113 127 374 374]
004120.jpg,bus,5,[ 40  58 300 499]
004121.jpg,person,14,[ 91 219 241 346]
004129.jpg,cat,7,[ 33   1 318 459]
004131.jpg,bird,2,[ 97 338 109 365]
004133.jpg,person,14,[ 17  96 333 223]
004136.jpg,bicycle,1,[100  70 337 450]
004137.jpg,person,14,[107   0 350 266]
004138.jpg,person,14,[ 71   4 479 296]
004140.jpg,bicycle,1,[  0   1 374 499]
004146.jpg,horse,12,[ 59  46 374 499]
004149.jpg,diningtable,10,[ 88   0 374 499]
004152.jpg,bottle,4,[ 44 152 425 374]
004158.jpg,person,14,[ 46   0 332 116]
004163.jpg,tvmonitor,19,[196 247 315 354]
004164.jpg,sofa,17,[234   4 365 426]
004168.jpg,horse,12,[223 287 423 425]
004169.jpg,person,14,[ 21   0 499 323]
004170.jpg,boat,3,[188  76 249 410]
004171.jpg,bird,2,[301  96 432 271]
004189.jpg,dog,11,[ 56 170 279 343]
004190.jpg,tvmonitor,19,[114   0 325 200]
004196.jpg,aeroplane,0,[ 70 147 228 350]
004200.jpg,cow,9,[ 52  17 251 150]
004201.jpg,person,14,[ 99 113 374 484]
004209.jpg,person,14,[  2 357 241 435]
004215.jpg,motorbike,13,[  1   7 373 404]
004220.jpg,bird,2,[131 151 213 379]
004221.jpg,bird,2,[154 239 239 320]
004223.jpg,person,14,[  4 183 326 423]
004224.jpg,aeroplane,0,[ 87  46 298 465]
004228.jpg,car,6,[ 70  41 261 428]
004231.jpg,person,14,[160 334 329 499]
004232.jpg,dog,11,[129  25 179 100]
004237.jpg,tvmonitor,19,[  2   0 374 168]
004241.jpg,boat,3,[ 80 128 324 368]
004242.jpg,car,6,[ 12   2 373 473]
004244.jpg,car,6,[179  96 372 499]
004247.jpg,bird,2,[198 110 258 218]
004253.jpg,diningtable,10,[178 166 331 347]
004255.jpg,motorbike,13,[  2   0 370 445]
004256.jpg,train,18,[  1   1 299 499]
004263.jpg,bird,2,[111  75 327 365]
004269.jpg,person,14,[ 63   0 331 278]
004270.jpg,person,14,[102 139 374 332]
004271.jpg,bird,2,[269 211 346 253]
004272.jpg,dog,11,[145 162 393 366]
004273.jpg,person,14,[ 14   0 374 320]
004280.jpg,bottle,4,[182 181 499 296]
004281.jpg,train,18,[  0 269 374 499]
004283.jpg,motorbike,13,[  0 152 498 374]
004287.jpg,person,14,[  0   1 399 499]
004291.jpg,person,14,[  0   2 499 373]
004292.jpg,pottedplant,15,[157   9 411 182]
004296.jpg,diningtable,10,[234  33 499 321]
004300.jpg,motorbike,13,[200  78 316 234]
004303.jpg,bus,5,[  2   0 280 304]
004307.jpg,horse,12,[ 86 170 261 453]
004315.jpg,train,18,[149 134 356 264]
004318.jpg,dog,11,[ 60   0 282 364]
004322.jpg,person,14,[ 36   2 499 240]
004325.jpg,boat,3,[ 21   0 345 188]
004327.jpg,dog,11,[ 65  11 414 492]
004333.jpg,bottle,4,[ 38 354 263 412]
004338.jpg,motorbike,13,[ 74  68 312 449]
004339.jpg,horse,12,[199  32 451 198]
004345.jpg,cat,7,[  7 104 315 366]
004347.jpg,bird,2,[ 10 178 332 357]
004359.jpg,person,14,[129 162 297 223]
004360.jpg,person,14,[ 64  17 499 332]
004361.jpg,motorbike,13,[108 185 288 331]
004365.jpg,car,6,[ 77  56 281 483]
004367.jpg,car,6,[ 50 108 374 499]
004370.jpg,person,14,[  1   2 329 260]
004371.jpg,boat,3,[222 242 278 409]
004372.jpg,horse,12,[115 141 281 316]
004376.jpg,cat,7,[ 15 110 373 499]
004379.jpg,aeroplane,0,[180 161 227 304]
004386.jpg,car,6,[ 78  18 330 383]
004387.jpg,bus,5,[262 312 357 499]
004389.jpg,horse,12,[238  60 495 307]
004391.jpg,aeroplane,0,[152 205 182 319]
004392.jpg,person,14,[109 179 374 333]
004404.jpg,person,14,[ 57  74 374 392]
004434.jpg,dog,11,[192 141 317 365]
004436.jpg,train,18,[153 107 381 242]
004439.jpg,car,6,[249 325 306 437]
004441.jpg,cow,9,[154 113 198 173]
004452.jpg,aeroplane,0,[250 410 301 453]
004470.jpg,aeroplane,0,[ 64   6 286 463]
004471.jpg,person,14,[ 89   9 484 150]
004479.jpg,person,14,[ 72 170 360 372]
004481.jpg,car,6,[166  41 375 464]
004484.jpg,diningtable,10,[198  46 374 499]
004496.jpg,person,14,[  9 133 329 320]
004500.jpg,cow,9,[104  59 240 252]
004502.jpg,cat,7,[ 59  56 390 398]
004508.jpg,person,14,[ 97  18 330 281]
004510.jpg,chair,8,[198 100 374 254]
004514.jpg,tvmonitor,19,[ 17 195 274 455]
004517.jpg,person,14,[ 97   1 499 354]
004519.jpg,car,6,[109  91 240 407]
004520.jpg,person,14,[ 50 169 477 446]
004524.jpg,bird,2,[272 310 343 382]
004526.jpg,car,6,[ 73 103 238 435]
004537.jpg,horse,12,[121 180 317 401]
004540.jpg,sofa,17,[140   7 315 332]
004544.jpg,bus,5,[ 52  69 281 464]
004548.jpg,dog,11,[ 57 140 271 413]
004549.jpg,chair,8,[146 353 269 498]
004551.jpg,dog,11,[  0   0 374 492]
004553.jpg,horse,12,[104 139 333 497]
004562.jpg,person,14,[  2 266 255 359]
004563.jpg,car,6,[218  57 266 134]
004565.jpg,dog,11,[132   2 496 389]
004566.jpg,cat,7,[  0 210 249 499]
004570.jpg,aeroplane,0,[  2   2 244 369]
004571.jpg,cow,9,[ 41  55 235 167]
004576.jpg,car,6,[ 63  29 244 440]
004579.jpg,train,18,[131   0 246 499]
004584.jpg,sofa,17,[ 88   5 326 497]
004587.jpg,dog,11,[297 208 355 321]
004591.jpg,car,6,[265 306 332 499]
004595.jpg,person,14,[  0 249 374 499]
004597.jpg,chair,8,[180  82 254 119]
004604.jpg,motorbike,13,[131  57 279 393]
004605.jpg,bicycle,1,[120  92 324 351]
004607.jpg,sofa,17,[106  92 231 388]
004611.jpg,person,14,[166 354 373 479]
004612.jpg,bird,2,[132 229 201 269]
004622.jpg,person,14,[ 60  38 499 374]
004623.jpg,bird,2,[ 82  50 357 427]
004625.jpg,horse,12,[ 88  81 374 432]
004627.jpg,train,18,[201 192 271 420]
004628.jpg,cat,7,[  0 234 278 442]
004631.jpg,person,14,[153  88 495 250]
004634.jpg,horse,12,[142 159 304 399]
004636.jpg,bird,2,[116 191 205 411]
004643.jpg,aeroplane,0,[ 61   8 305 471]
004644.jpg,dog,11,[ 25   0 259 185]
004648.jpg,bus,5,[165 145 215 424]
004651.jpg,boat,3,[153 152 261 215]
004656.jpg,horse,12,[283 145 382 233]
004671.jpg,bottle,4,[  0  48 496 282]
004675.jpg,train,18,[ 45   2 149 373]
004679.jpg,person,14,[  0   0 371 496]
004683.jpg,cat,7,[  1  21 290 425]
004685.jpg,person,14,[166 118 413 327]
004686.jpg,horse,12,[139 347 230 460]
004687.jpg,motorbike,13,[ 82  97 320 382]
004691.jpg,train,18,[ 66  53 317 499]
004693.jpg,train,18,[  1 103 260 499]
004694.jpg,motorbike,13,[184  94 465 201]
004701.jpg,bottle,4,[  0 333 109 385]
004702.jpg,bird,2,[165  33 256 194]
004705.jpg,car,6,[205   0 269 103]
004706.jpg,person,14,[ 19 116 339 361]
004710.jpg,bottle,4,[  0 145 247 354]
004714.jpg,chair,8,[ 50 138 223 255]
004715.jpg,person,14,[102 158 374 304]
004718.jpg,person,14,[  0  44 373 498]
004723.jpg,person,14,[127 358 374 459]
004735.jpg,chair,8,[205   0 374 290]
004737.jpg,dog,11,[ 54 184 331 499]
004742.jpg,diningtable,10,[212   1 374 499]
004743.jpg,cat,7,[  1   0 374 499]
004747.jpg,car,6,[ 45   0 350 471]
004748.jpg,aeroplane,0,[214  26 333 233]
004753.jpg,person,14,[ 22   1 374 392]
004754.jpg,tvmonitor,19,[269   0 499 132]
004760.jpg,dog,11,[113 209 374 494]
004773.jpg,diningtable,10,[248  77 495 367]
004776.jpg,train,18,[ 57  76 352 427]
004779.jpg,car,6,[202 113 290 283]
004782.jpg,person,14,[108 154 243 265]
004783.jpg,bird,2,[154 255 177 289]
004790.jpg,person,14,[ 21 203 374 498]
004792.jpg,cat,7,[134 114 335 256]
004793.jpg,car,6,[131  27 371 294]
004794.jpg,bird,2,[139 189 242 404]
004797.jpg,bicycle,1,[145 125 201 201]
004799.jpg,bird,2,[110  60 473 327]
004801.jpg,person,14,[ 13   0 332 481]
004808.jpg,car,6,[161 113 272 422]
004815.jpg,horse,12,[121 186 261 372]
004823.jpg,car,6,[ 79   0 330 497]
004828.jpg,car,6,[170 138 390 445]
004830.jpg,car,6,[109 103 211 417]
004832.jpg,person,14,[ 97 162 469 414]
004836.jpg,motorbike,13,[146   0 445 473]
004837.jpg,sofa,17,[137 272 319 499]
004841.jpg,aeroplane,0,[199 106 242 170]
004842.jpg,sheep,16,[106  78 332 320]
004846.jpg,person,14,[  2 200 241 499]
004848.jpg,bird,2,[ 59 161 298 278]
004849.jpg,train,18,[190 142 280 249]
004857.jpg,person,14,[ 93  50 360 197]
004869.jpg,bird,2,[ 68  60 432 349]
004873.jpg,car,6,[118   7 354 370]
004876.jpg,bird,2,[ 90  25 207  60]
004879.jpg,bicycle,1,[157 261 201 331]
004882.jpg,motorbike,13,[ 68 196 329 445]
004885.jpg,boat,3,[137 103 339 411]
004897.jpg,person,14,[195 180 332 241]
004898.jpg,person,14,[ 16 145 302 251]
004902.jpg,person,14,[ 67 194 374 499]
004905.jpg,aeroplane,0,[  7   1 279 196]
004907.jpg,cat,7,[  0 176 328 439]
004910.jpg,bus,5,[181  21 393 305]
004911.jpg,train,18,[ 36  69 342 395]
004913.jpg,person,14,[125 216 339 334]
004929.jpg,dog,11,[ 20 214 374 499]
004946.jpg,person,14,[ 42 133 499 276]
004951.jpg,train,18,[141  50 261 499]
004955.jpg,cat,7,[ 15  96 290 381]
004958.jpg,boat,3,[ 18  59 282 272]
004961.jpg,car,6,[ 79  17 304 496]
004962.jpg,car,6,[171 254 207 347]
004966.jpg,bird,2,[129 134 275 321]
004968.jpg,horse,12,[  1  44 469 328]
004972.jpg,bird,2,[ 77 114 481 343]
004973.jpg,car,6,[148 280 239 407]
004974.jpg,bird,2,[140  91 267 255]
004976.jpg,diningtable,10,[192 127 337 499]
004984.jpg,chair,8,[ 33 294 212 479]
004987.jpg,person,14,[185  43 364 284]
004990.jpg,person,14,[101  14 364 447]
004991.jpg,diningtable,10,[138  52 374 403]
004992.jpg,dog,11,[ 56  53 293 479]
004995.jpg,horse,12,[213 105 389 234]
005001.jpg,sheep,16,[  0   0 286 159]
005004.jpg,sofa,17,[ 30 136 274 453]
005006.jpg,bird,2,[391 206 452 290]
005007.jpg,tvmonitor,19,[  9 115 265 389]
005016.jpg,aeroplane,0,[ 52 118 189 488]
005018.jpg,dog,11,[ 84 190 307 411]
005020.jpg,car,6,[180 269 233 435]
005023.jpg,bird,2,[265 206 338 258]
005024.jpg,person,14,[  1 149 374 499]
005026.jpg,bus,5,[169   0 293 353]
005027.jpg,tvmonitor,19,[ 73 276 242 456]
005029.jpg,bicycle,1,[ 98 248 151 314]
005032.jpg,train,18,[ 65  22 403 266]
005033.jpg,bird,2,[121 106 347 477]
005045.jpg,person,14,[ 81   4 372 280]
005047.jpg,car,6,[  0   2 243 499]
005052.jpg,person,14,[ 10   0 495 160]
005057.jpg,bicycle,1,[111 166 311 354]
005058.jpg,sheep,16,[265 130 303 176]
005061.jpg,person,14,[ 81   0 316 234]
005065.jpg,car,6,[ 56   0 297 478]
005068.jpg,bus,5,[410   7 484 211]
005071.jpg,car,6,[198 102 229 197]
005073.jpg,boat,3,[ 84 409 150 499]
005078.jpg,cat,7,[ 12  74 374 499]
005084.jpg,bird,2,[ 22  81 232 184]
005086.jpg,person,14,[ 41 268 371 497]
005090.jpg,bus,5,[118  27 264 465]
005093.jpg,motorbike,13,[162 105 396 332]
005094.jpg,train,18,[134   0 225 280]
005097.jpg,dog,11,[ 35 113 352 458]
005101.jpg,chair,8,[  1   0 499 373]
005107.jpg,bicycle,1,[194  53 336 272]
005108.jpg,aeroplane,0,[112 170 172 230]
005114.jpg,person,14,[ 53 310 188 403]
005121.jpg,dog,11,[ 90  29 332 204]
005122.jpg,person,14,[ 72  60 348 284]
005124.jpg,cow,9,[ 67 178 323 499]
005129.jpg,chair,8,[162   1 374 418]
005130.jpg,bird,2,[130 114 432 323]
005134.jpg,person,14,[139 320 275 358]
005138.jpg,bird,2,[ 85  22 435 433]
005143.jpg,pottedplant,15,[  9   5 277 257]
005153.jpg,tvmonitor,19,[ 66 308 266 499]
005156.jpg,motorbike,13,[130  56 359 411]
005168.jpg,train,18,[115  35 228 444]
005169.jpg,cat,7,[190 160 251 199]
005171.jpg,boat,3,[226 188 268 275]
005173.jpg,person,14,[ 44 229 255 457]
005177.jpg,sofa,17,[178   6 362 376]
005181.jpg,boat,3,[222 143 310 193]
005183.jpg,pottedplant,15,[  9   0 499 374]
005186.jpg,pottedplant,15,[164  31 300 128]
005189.jpg,person,14,[ 44 138 403 499]
005190.jpg,person,14,[ 24 127 374 446]
005191.jpg,diningtable,10,[205  32 374 444]
005202.jpg,bird,2,[ 90  64 254 355]
005203.jpg,sofa,17,[  1   2 374 498]
005208.jpg,person,14,[155 110 332 230]
005215.jpg,motorbike,13,[  1  61 374 499]
005217.jpg,boat,3,[213   0 333 337]
005219.jpg,person,14,[ 59  96 254 159]
005223.jpg,sheep,16,[ 61  78 374 499]
005231.jpg,sofa,17,[ 39   0 373 497]
005236.jpg,person,14,[ 74  79 374 265]
005244.jpg,train,18,[  9   1 341 435]
005245.jpg,person,14,[ 24   0 240 197]
005246.jpg,bird,2,[ 47  83 386 492]
005257.jpg,boat,3,[187 175 233 318]
005258.jpg,motorbike,13,[  0   0 314 499]
005259.jpg,car,6,[ 68  18 301 432]
005260.jpg,person,14,[ 54  34 190 170]
005262.jpg,bus,5,[113  79 240 341]
005269.jpg,train,18,[112  75 301 401]
005273.jpg,bicycle,1,[111   0 356 304]
005283.jpg,person,14,[ 19 149 374 344]
005285.jpg,bird,2,[117  89 341 371]
005288.jpg,sheep,16,[258 216 289 248]
005290.jpg,aeroplane,0,[120 226 180 286]
005292.jpg,sofa,17,[217 303 375 499]
005297.jpg,person,14,[  1  88 332 453]
005303.jpg,person,14,[ 39   9 499 377]
005304.jpg,person,14,[  1   0 399 471]
005307.jpg,person,14,[ 54   2 340 377]
005310.jpg,person,14,[169  28 332 413]
005311.jpg,person,14,[  0   0 204 193]
005318.jpg,car,6,[ 36 108 290 420]
005327.jpg,sofa,17,[158   1 373 499]
005336.jpg,sofa,17,[272  35 446 398]
005337.jpg,boat,3,[ 98 283 129 356]
005338.jpg,bird,2,[ 45 233 360 396]
005344.jpg,person,14,[ 39  38 451 283]
005345.jpg,diningtable,10,[197   1 499 374]
005351.jpg,horse,12,[191 265 374 437]
005358.jpg,aeroplane,0,[130 230 154 277]
005360.jpg,train,18,[ 96  71 241 430]
005363.jpg,sheep,16,[ 68   1 498 367]
005368.jpg,person,14,[ 17   8 499 322]
005369.jpg,boat,3,[219 309 254 386]
005373.jpg,car,6,[149 244 187 299]
005374.jpg,bus,5,[  1 186 346 499]
005387.jpg,bus,5,[171  44 304 414]
005388.jpg,bottle,4,[ 66  81 195 120]
005389.jpg,train,18,[ 41  24 207 409]
005391.jpg,aeroplane,0,[108  24 225 462]
005396.jpg,person,14,[121 268 474 485]
005404.jpg,cow,9,[ 87 131 374 499]
005405.jpg,person,14,[150  70 400 275]
005406.jpg,aeroplane,0,[125 171 186 234]
005408.jpg,dog,11,[112  86 268 334]
005410.jpg,person,14,[147 262 332 363]
005413.jpg,person,14,[100  59 498 227]
005414.jpg,person,14,[ 54 282 329 432]
005417.jpg,person,14,[  0   0 372 383]
005420.jpg,boat,3,[ 21  31 463 394]
005424.jpg,person,14,[136  20 364 208]
005433.jpg,sofa,17,[  0   0 374 499]
005440.jpg,train,18,[175   0 242 443]
005445.jpg,cat,7,[232  31 496 352]
005448.jpg,person,14,[113 290 217 354]
005450.jpg,person,14,[122   6 499 341]
005451.jpg,person,14,[102 237 499 374]
005453.jpg,horse,12,[  2 202 332 499]
005455.jpg,cat,7,[ 33  88 249 332]
005457.jpg,car,6,[122  63 273 386]
005467.jpg,diningtable,10,[191 110 374 499]
005478.jpg,person,14,[165   0 498 228]
005483.jpg,car,6,[ 71  62 229 375]
005487.jpg,aeroplane,0,[112  67 258 476]
005489.jpg,car,6,[165 251 202 328]
005496.jpg,boat,3,[106 163 298 453]
005499.jpg,car,6,[ 47   1 332 499]
005508.jpg,person,14,[130  88 499 274]
005509.jpg,aeroplane,0,[ 64  10 199 462]
005511.jpg,horse,12,[132 106 423 197]
005514.jpg,cow,9,[ 52   0 296 363]
005515.jpg,pottedplant,15,[176   0 499 331]
005519.jpg,cat,7,[ 75 222 288 388]
005524.jpg,dog,11,[ 47  21 296 333]
005526.jpg,person,14,[  3   0 374 267]
005527.jpg,person,14,[ 41  23 499 362]
005536.jpg,car,6,[115  42 320 425]
005541.jpg,person,14,[ 49 129 336 390]
005542.jpg,person,14,[121 152 374 276]
005544.jpg,train,18,[187  78 309 287]
005547.jpg,car,6,[149  47 346 446]
005563.jpg,person,14,[ 83 103 373 368]
005566.jpg,car,6,[ 38  79 292 421]
005568.jpg,horse,12,[142 271 293 481]
005574.jpg,aeroplane,0,[126 129 307 499]
005579.jpg,cat,7,[191 128 300 367]
005582.jpg,person,14,[  7  73 374 381]
005585.jpg,car,6,[130  20 343 302]
005591.jpg,diningtable,10,[256 113 374 429]
005592.jpg,car,6,[134 121 206 276]
005599.jpg,person,14,[ 26 149 368 317]
005600.jpg,aeroplane,0,[135 254 164 318]
005601.jpg,dog,11,[160   1 381 426]
005603.jpg,bird,2,[ 32   0 332 408]
005605.jpg,chair,8,[222 380 361 499]
005609.jpg,car,6,[ 28  14 314 481]
005611.jpg,horse,12,[ 52  92 318 342]
005624.jpg,bird,2,[ 50 205 290 337]
005625.jpg,bird,2,[ 49  64 374 499]
005630.jpg,cat,7,[  0 134 287 351]
005631.jpg,bus,5,[117   0 497 205]
005636.jpg,horse,12,[183 130 381 208]
005637.jpg,bird,2,[121 226 273 313]
005639.jpg,bicycle,1,[173 196 272 321]
005644.jpg,person,14,[ 38 183 371 499]
005648.jpg,person,14,[315 165 466 264]
005654.jpg,train,18,[ 60   0 323 441]
005658.jpg,bus,5,[120  39 411 374]
005668.jpg,dog,11,[130   1 372 184]
005669.jpg,person,14,[  0   0 331 153]
005680.jpg,train,18,[ 64 120 317 371]
005686.jpg,diningtable,10,[190 288 355 499]
005695.jpg,person,14,[128  70 498 330]
005697.jpg,sofa,17,[161 104 332 419]
005699.jpg,boat,3,[216 154 309 345]
005700.jpg,person,14,[145 152 265 228]
005704.jpg,person,14,[ 81  73 301 219]
005705.jpg,boat,3,[ 15  61 407 245]
005710.jpg,chair,8,[243 258 332 333]
005713.jpg,boat,3,[277 432 317 499]
005715.jpg,cat,7,[  7  38 374 473]
005718.jpg,chair,8,[232  32 384 159]
005728.jpg,cow,9,[141 279 247 405]
005730.jpg,chair,8,[237 127 331 191]
005731.jpg,bus,5,[ 33   1 312 428]
005735.jpg,train,18,[ 99   0 286 492]
005738.jpg,car,6,[ 91  57 269 377]
005740.jpg,person,14,[ 25   0 332 273]
005742.jpg,boat,3,[225 421 253 471]
005752.jpg,dog,11,[ 39   2 321 432]
005756.jpg,car,6,[166  39 302 462]
005757.jpg,person,14,[ 74 107 279 177]
005764.jpg,person,14,[ 16   0 460 108]
005765.jpg,person,14,[  1   1 373 337]
005769.jpg,cat,7,[161  67 342 496]
005780.jpg,person,14,[110 212 196 303]
005782.jpg,car,6,[ 92  53 225 410]
005783.jpg,motorbike,13,[161 238 270 415]
005784.jpg,person,14,[105   6 437 493]
005786.jpg,person,14,[ 46  46 327 145]
005789.jpg,dog,11,[136 236 346 499]
005796.jpg,person,14,[ 56  44 499 293]
005803.jpg,diningtable,10,[155  66 272 432]
005805.jpg,bird,2,[ 93 171 318 273]
005806.jpg,car,6,[153 215 285 348]
005813.jpg,pottedplant,15,[163 146 353 287]
005814.jpg,person,14,[  0  52 345 278]
005817.jpg,pottedplant,15,[  1 251 369 499]
005821.jpg,chair,8,[183 354 353 480]
005824.jpg,person,14,[ 94 170 236 230]
005826.jpg,person,14,[158  77 285 131]
005831.jpg,car,6,[146  35 343 464]
005836.jpg,person,14,[ 39  70 499 262]
005838.jpg,cat,7,[ 16  72 286 466]
005840.jpg,person,14,[159  76 499 244]
005843.jpg,cow,9,[198 123 311 293]
005850.jpg,cat,7,[116  53 321 347]
005851.jpg,train,18,[154 222 189 315]
005859.jpg,person,14,[  2   1 374 297]
005860.jpg,boat,3,[191 143 249 352]
005861.jpg,car,6,[146 245 221 381]
005864.jpg,sofa,17,[160 125 267 315]
005867.jpg,chair,8,[251 231 374 364]
005873.jpg,person,14,[  1 148 330 295]
005881.jpg,person,14,[ 78 205 370 499]
005884.jpg,motorbike,13,[ 35  55 323 369]
005885.jpg,person,14,[ 56 108 372 409]
005888.jpg,dog,11,[ 68  12 374 333]
005889.jpg,person,14,[ 60 262 374 499]
005893.jpg,train,18,[ 83   0 181 478]
005895.jpg,aeroplane,0,[203 273 234 315]
005899.jpg,dog,11,[124 124 259 378]
005901.jpg,cat,7,[152 103 374 403]
005903.jpg,train,18,[ 86   1 374 323]
005905.jpg,person,14,[  1   1 282 245]
005908.jpg,person,14,[  1  71 374 498]
005909.jpg,bird,2,[123 151 332 290]
005910.jpg,bird,2,[ 77 217 178 350]
005911.jpg,bus,5,[ 49   1 313 499]
005918.jpg,car,6,[ 26  52 265 468]
005920.jpg,diningtable,10,[264  14 374 349]
005923.jpg,bicycle,1,[212 277 328 416]
005930.jpg,bicycle,1,[ 80  47 196 212]
005938.jpg,person,14,[ 72 134 312 400]
005947.jpg,sheep,16,[ 25  89 329 322]
005948.jpg,horse,12,[132 328 256 423]
005951.jpg,motorbike,13,[ 61 184 300 497]
005960.jpg,cat,7,[283  93 369 165]
005961.jpg,bus,5,[390  57 484 293]
005964.jpg,sheep,16,[  0   0 330 425]
005971.jpg,person,14,[108   7 332 340]
005980.jpg,cat,7,[  7  52 311 419]
005983.jpg,bird,2,[ 92 234 159 285]
005984.jpg,person,14,[ 57  59 373 444]
005990.jpg,motorbike,13,[  0  96 371 396]
005992.jpg,sofa,17,[ 47   0 370 487]
006004.jpg,chair,8,[163  93 423 300]
006009.jpg,car,6,[117 133 234 297]
006011.jpg,car,6,[178 189 275 336]
006020.jpg,sofa,17,[ 81  20 304 499]
006023.jpg,train,18,[ 45  20 279 494]
006025.jpg,aeroplane,0,[118  20 231 448]
006030.jpg,diningtable,10,[239   0 374 290]
006033.jpg,person,14,[ 11   3 499 226]
006038.jpg,motorbike,13,[232 372 314 446]
006043.jpg,car,6,[  1   1 370 495]
006061.jpg,cat,7,[  6 212 199 499]
006065.jpg,dog,11,[ 28   3 286 499]
006066.jpg,tvmonitor,19,[119 149 263 338]
006067.jpg,aeroplane,0,[183  40 256 290]
006070.jpg,bird,2,[178   0 499 337]
006073.jpg,cow,9,[ 53 129 345 495]
006074.jpg,tvmonitor,19,[207 243 344 499]
006078.jpg,chair,8,[186  26 283  90]
006079.jpg,boat,3,[152 163 212 331]
006088.jpg,sofa,17,[198  90 331 341]
006091.jpg,bird,2,[ 57 134 199 308]
006095.jpg,cow,9,[147 263 279 495]
006096.jpg,bus,5,[ 47  29 323 471]
006100.jpg,sofa,17,[143 316 346 499]
006103.jpg,car,6,[307   1 370  66]
006104.jpg,sofa,17,[148  32 332 455]
006105.jpg,cat,7,[  4  43 442 150]
006123.jpg,boat,3,[135 249 281 366]
006128.jpg,car,6,[193  93 322 499]
006130.jpg,sofa,17,[115   0 348 499]
006131.jpg,tvmonitor,19,[ 94 288 263 445]
006134.jpg,horse,12,[ 98 124 317 441]
006135.jpg,train,18,[142 220 182 265]
006140.jpg,person,14,[  2   4 332 204]
006141.jpg,bottle,4,[ 27 237 387 335]
006156.jpg,person,14,[  1   1 374 450]
006158.jpg,sofa,17,[148   0 337 203]
006162.jpg,aeroplane,0,[ 99  37 214 444]
006166.jpg,train,18,[121 124 339 311]
006170.jpg,cow,9,[133 146 175 173]
006171.jpg,dog,11,[165   1 314 411]
006172.jpg,person,14,[ 10 157 318 360]
006174.jpg,dog,11,[ 75  48 373 387]
006175.jpg,person,14,[ 87 206 198 294]
006176.jpg,person,14,[  3 202 478 496]
006177.jpg,motorbike,13,[232 112 283 156]
006179.jpg,tvmonitor,19,[ 14  57 220 301]
006180.jpg,person,14,[ 65   0 287 230]
006181.jpg,bird,2,[ 65  25 318 485]
006183.jpg,cat,7,[206  53 435 359]
006187.jpg,person,14,[ 32  60 499 374]
006189.jpg,dog,11,[  0 111 329 425]
006196.jpg,car,6,[  0  67 372 499]
006208.jpg,aeroplane,0,[105   1 265 498]
006210.jpg,car,6,[ 91 402 254 499]
006221.jpg,person,14,[ 74   0 374 343]
006223.jpg,car,6,[ 89 127 265 425]
006224.jpg,car,6,[166 245 195 309]
006225.jpg,car,6,[ 81  85 291 462]
006229.jpg,person,14,[130 167 374 354]
006230.jpg,dog,11,[ 32   0 355 486]
006236.jpg,motorbike,13,[203   3 422 338]
006238.jpg,person,14,[ 10  39 332 316]
006243.jpg,motorbike,13,[ 96  37 323 499]
006247.jpg,sheep,16,[ 62   1 357 453]
006250.jpg,car,6,[123  58 269 278]
006251.jpg,sheep,16,[237  74 285 145]
006261.jpg,car,6,[329 245 437 391]
006262.jpg,cat,7,[ 97  42 256 480]
006264.jpg,bird,2,[ 37 192 347 338]
006267.jpg,dog,11,[155  83 300 393]
006270.jpg,chair,8,[251   4 374 275]
006272.jpg,person,14,[216  70 346 145]
006275.jpg,train,18,[  0   0 261 496]
006279.jpg,aeroplane,0,[126  30 243 498]
006285.jpg,horse,12,[116 241 307 351]
006289.jpg,person,14,[201 159 498 435]
006290.jpg,bus,5,[ 66  20 307 470]
006291.jpg,cow,9,[ 26 300 336 483]
006299.jpg,pottedplant,15,[  0  59 126 161]
006304.jpg,boat,3,[196 320 251 356]
006305.jpg,cat,7,[ 76 204 374 428]
006320.jpg,car,6,[ 42 122 301 433]
006329.jpg,car,6,[ 69  35 290 479]
006341.jpg,person,14,[ 86  38 499 346]
006344.jpg,train,18,[ 38   0 312 400]
006349.jpg,aeroplane,0,[ 35   4 255 494]
006352.jpg,person,14,[ 81  42 373 173]
006353.jpg,cat,7,[  1   0 374 499]
006362.jpg,car,6,[ 27  39 331 405]
006363.jpg,bottle,4,[107 117 468 219]
006366.jpg,dog,11,[ 30   0 383 460]
006367.jpg,bird,2,[  1 114 332 399]
006369.jpg,car,6,[109  17 300 423]
006371.jpg,bicycle,1,[ 22  15 306 484]
006374.jpg,aeroplane,0,[126 156 278 411]
006375.jpg,car,6,[159  27 305 195]
006381.jpg,diningtable,10,[265  76 374 419]
006382.jpg,horse,12,[ 61   2 330 294]
006395.jpg,person,14,[116 133 346 315]
006400.jpg,train,18,[100 188 234 439]
006411.jpg,tvmonitor,19,[141 383 242 492]
006417.jpg,car,6,[108  77 261 400]
006418.jpg,bicycle,1,[  0   0 332 478]
006419.jpg,chair,8,[347  56 484 152]
006427.jpg,person,14,[ 48  26 374 296]
006429.jpg,horse,12,[  1   0 499 327]
006433.jpg,aeroplane,0,[  0   0 374 499]
006434.jpg,dog,11,[  0 146 374 499]
006436.jpg,boat,3,[ 35 169 281 375]
006438.jpg,car,6,[ 96 191 224 358]
006442.jpg,person,14,[ 28   1 499 194]
006447.jpg,diningtable,10,[140  96 232 241]
006448.jpg,bottle,4,[ 68 343 249 391]
006455.jpg,horse,12,[ 41  84 198 253]
006458.jpg,car,6,[ 61 195 270 492]
006459.jpg,horse,12,[114  51 353 331]
006462.jpg,cat,7,[  1  66 499 374]
006466.jpg,train,18,[ 23   0 357 481]
006470.jpg,bird,2,[132 191 323 286]
006472.jpg,tvmonitor,19,[  0  47 311 499]
006474.jpg,dog,11,[ 27   0 332 499]
006475.jpg,person,14,[  7 142 435 331]
006476.jpg,person,14,[ 97 255 366 446]
006482.jpg,person,14,[ 30  29 374 405]
006483.jpg,person,14,[ 31  99 376 378]
006486.jpg,person,14,[159   0 351 159]
006495.jpg,cat,7,[149 195 364 337]
006499.jpg,train,18,[ 88   0 303 319]
006501.jpg,bus,5,[  0 117 210 499]
006503.jpg,diningtable,10,[200   2 374 478]
006506.jpg,horse,12,[132 361 280 499]
006515.jpg,bicycle,1,[ 65  25 319 469]
006523.jpg,aeroplane,0,[185 188 229 311]
006524.jpg,car,6,[  1 277  94 494]
006536.jpg,person,14,[193  27 499 333]
006547.jpg,cat,7,[ 96  22 499 272]
006548.jpg,bird,2,[209 173 370 473]
006549.jpg,boat,3,[ 19 175  67 246]
006550.jpg,motorbike,13,[179  43 329 288]
006551.jpg,person,14,[109 106 268 198]
006556.jpg,dog,11,[  1   1 332 499]
006560.jpg,person,14,[ 30 222 374 499]
006564.jpg,aeroplane,0,[ 57   0 231 499]
006569.jpg,bus,5,[ 82 182 156 384]
006595.jpg,cat,7,[ 23 117 303 456]
006597.jpg,dog,11,[ 16  18 304 444]
006602.jpg,dog,11,[120  91 236 204]
006605.jpg,chair,8,[221 245 374 359]
006609.jpg,person,14,[ 14   0 374 499]
006610.jpg,person,14,[  0 117 116 438]
006612.jpg,person,14,[203 179 411 265]
006622.jpg,sofa,17,[122 241 235 455]
006626.jpg,person,14,[ 76   1 331 257]
006627.jpg,diningtable,10,[129   0 332 461]
006635.jpg,train,18,[ 60  13 470 341]
006636.jpg,aeroplane,0,[ 74  25 237 354]
006637.jpg,person,14,[106 105 287 209]
006638.jpg,sofa,17,[109  24 324 444]
006648.jpg,person,14,[  0   2 331 462]
006652.jpg,train,18,[ 61 171 243 327]
006654.jpg,car,6,[  7   0 139 156]
006658.jpg,person,14,[120  78 371 296]
006660.jpg,boat,3,[  0 275 291 499]
006674.jpg,cat,7,[ 57  40 499 249]
006684.jpg,tvmonitor,19,[ 19  75 350 392]
006689.jpg,chair,8,[228   7 373 223]
006694.jpg,train,18,[ 51  99 247 499]
006695.jpg,person,14,[122 195 372 326]
006697.jpg,person,14,[ 81 254 374 499]
006698.jpg,person,14,[  0 244 374 494]
006703.jpg,person,14,[101  88 336 222]
006704.jpg,tvmonitor,19,[  0  33 212 340]
006706.jpg,bird,2,[126  43 495 340]
006707.jpg,person,14,[ 52 117 353 361]
006708.jpg,cow,9,[180 304 285 379]
006714.jpg,person,14,[ 78   2 499 372]
006726.jpg,pottedplant,15,[332  77 471 229]
006727.jpg,sofa,17,[123  53 286 469]
006731.jpg,diningtable,10,[258   0 374 499]
006734.jpg,car,6,[125 163 366 478]
006735.jpg,dog,11,[ 23  39 489 401]
006736.jpg,car,6,[169 101 240 281]
006738.jpg,person,14,[134 207 282 273]
006740.jpg,cat,7,[ 28  55 294 441]
006748.jpg,car,6,[264  46 384 212]
006753.jpg,person,14,[  0  43 499 221]
006755.jpg,chair,8,[168   1 374 212]
006766.jpg,bus,5,[288  99 356 498]
006773.jpg,aeroplane,0,[126   3 332 439]
006777.jpg,person,14,[124  25 499 252]
006781.jpg,cat,7,[  9   6 366 219]
006782.jpg,person,14,[103   0 499 221]
006784.jpg,person,14,[ 45 231 374 468]
006794.jpg,aeroplane,0,[116  91 202 372]
006805.jpg,dog,11,[ 12  35 396 446]
006806.jpg,pottedplant,15,[113  92 359 350]
006810.jpg,person,14,[ 38 333 374 499]
006822.jpg,motorbike,13,[  7  66 495 333]
006824.jpg,person,14,[  2 126 286 381]
006825.jpg,bird,2,[ 53 149 277 446]
006833.jpg,person,14,[ 39  59 374 352]
006836.jpg,horse,12,[ 75 111 424 392]
006839.jpg,motorbike,13,[ 12  28 350 458]
006840.jpg,person,14,[ 18  57 332 367]
006844.jpg,train,18,[104  86 236 491]
006845.jpg,chair,8,[256 170 330 245]
006847.jpg,horse,12,[ 95 186 285 396]
006848.jpg,bird,2,[168  78 254 315]
006849.jpg,dog,11,[116 235 273 499]
006852.jpg,sofa,17,[155 121 252 323]
006858.jpg,person,14,[ 42 195 299 298]
006864.jpg,person,14,[  0 335 324 499]
006866.jpg,horse,12,[ 55  42 373 406]
006868.jpg,car,6,[184  78 371 340]
006869.jpg,cat,7,[110 166 272 492]
006874.jpg,motorbike,13,[243 241 325 371]
006883.jpg,cat,7,[130  92 249 251]
006887.jpg,person,14,[160 130 357 331]
006893.jpg,car,6,[290 142 356 244]
006896.jpg,person,14,[134   0 374 120]
006899.jpg,sheep,16,[333  18 451 134]
006900.jpg,car,6,[119  85 336 489]
006909.jpg,aeroplane,0,[  6   0 374 484]
006910.jpg,person,14,[ 15  60 334 435]
006911.jpg,horse,12,[122  54 403 365]
006912.jpg,diningtable,10,[ 73   1 374 499]
006914.jpg,bird,2,[179 237 234 268]
006916.jpg,dog,11,[ 86   4 330 350]
006917.jpg,bottle,4,[ 10 108 374 280]
006919.jpg,person,14,[138 186 368 377]
006930.jpg,sofa,17,[135   1 374 492]
006931.jpg,car,6,[276  23 429 311]
006939.jpg,person,14,[  1 216 374 499]
006943.jpg,train,18,[ 77 283 312 499]
006947.jpg,tvmonitor,19,[ 80 151 346 427]
006948.jpg,person,14,[  3 181 374 499]
006950.jpg,person,14,[158 102 371 224]
006958.jpg,person,14,[  1  24 499 332]
006959.jpg,person,14,[  0   0 332 324]
006968.jpg,sofa,17,[159 224 300 499]
006971.jpg,cat,7,[  0   0 332 499]
006976.jpg,chair,8,[237  81 497 359]
006983.jpg,boat,3,[162 209 332 405]
007002.jpg,bus,5,[194 290 324 499]
007003.jpg,car,6,[255  37 374 234]
007006.jpg,diningtable,10,[190   1 373 498]
007007.jpg,person,14,[  1   0 280 297]
007011.jpg,dog,11,[ 45   0 371 234]
007016.jpg,person,14,[ 81 165 347 243]
007018.jpg,horse,12,[ 19 159 336 424]
007023.jpg,person,14,[120   0 498 127]
007025.jpg,cat,7,[ 47  78 374 439]
007029.jpg,bicycle,1,[128 371 322 499]
007033.jpg,aeroplane,0,[  3   0 374 499]
007036.jpg,person,14,[184  67 372 210]
007039.jpg,tvmonitor,19,[ 56 120 242 322]
007040.jpg,car,6,[ 31 155 152 443]
007045.jpg,person,14,[158 167 408 330]
007050.jpg,cat,7,[ 92 134 331 309]
007062.jpg,bicycle,1,[ 35   0 374 435]
007064.jpg,diningtable,10,[260 156 374 461]
007072.jpg,cow,9,[ 24   1 371 393]
007073.jpg,motorbike,13,[ 49   0 345 496]
007075.jpg,cow,9,[ 95 130 313 273]
007078.jpg,chair,8,[125 251 215 374]
007079.jpg,person,14,[ 49 142 183 252]
007080.jpg,person,14,[  1 103 322 376]
007088.jpg,aeroplane,0,[159 184 276 456]
007089.jpg,dog,11,[ 45  42 269 467]
007090.jpg,car,6,[202  74 364 320]
007092.jpg,bird,2,[ 91  55 479 373]
007093.jpg,person,14,[ 73  75 298 322]
007095.jpg,bus,5,[129 225 289 436]
007105.jpg,sofa,17,[152   4 332 499]
007108.jpg,bicycle,1,[175 256 264 370]
007113.jpg,tvmonitor,19,[162  95 237 126]
007121.jpg,person,14,[158   0 499 316]
007125.jpg,boat,3,[ 12  74 328 255]
007128.jpg,person,14,[ 72 180 499 374]
007129.jpg,person,14,[  8 186 396 421]
007130.jpg,tvmonitor,19,[ 95 105 187 191]
007133.jpg,car,6,[110   3 371 374]
007138.jpg,horse,12,[ 64   1 342 427]
007150.jpg,motorbike,13,[194  78 373 498]
007152.jpg,aeroplane,0,[ 14 396  82 461]
007154.jpg,person,14,[ 28  67 499 259]
007159.jpg,person,14,[153  35 288  67]
007163.jpg,person,14,[108  57 374 222]
007166.jpg,dog,11,[ 90   1 340 332]
007168.jpg,train,18,[101  47 423 371]
007177.jpg,diningtable,10,[193   4 499 332]
007180.jpg,pottedplant,15,[ 84  88 138 137]
007182.jpg,person,14,[ 57 103 499 332]
007184.jpg,person,14,[312  59 499 191]
007185.jpg,horse,12,[  1 151 331 439]
007193.jpg,sofa,17,[121  68 499 374]
007194.jpg,bird,2,[161 101 236 184]
007197.jpg,cat,7,[ 56  91 333 363]
007205.jpg,car,6,[187   9 324 140]
007213.jpg,person,14,[ 36  24 374 235]
007214.jpg,person,14,[104 182 497 335]
007219.jpg,chair,8,[338   0 499 223]
007222.jpg,train,18,[ 98 345 229 489]
007223.jpg,cat,7,[  0   4 332 369]
007234.jpg,horse,12,[ 34  84 188 223]
007241.jpg,bus,5,[ 70   6 364 478]
007243.jpg,horse,12,[ 42   2 371 370]
007250.jpg,tvmonitor,19,[ 18 121 175 326]
007256.jpg,person,14,[ 78  99 283 169]
007261.jpg,person,14,[ 90 291 499 376]
007263.jpg,sofa,17,[200 156 357 485]
007271.jpg,bus,5,[128  50 267 351]
007279.jpg,bus,5,[ 54 175 279 499]
007285.jpg,car,6,[ 42   1 499 374]
007289.jpg,boat,3,[ 95  27 294 434]
007295.jpg,cat,7,[140 118 286 396]
007298.jpg,bus,5,[  0   2 329 277]
007305.jpg,motorbike,13,[133  57 232 212]
007308.jpg,horse,12,[ 68  16 465 301]
007322.jpg,dog,11,[  3 110 346 359]
007323.jpg,bottle,4,[  0   2 495 224]
007325.jpg,horse,12,[154 120 331 364]
007327.jpg,chair,8,[256 297 346 360]
007334.jpg,cat,7,[ 22  92 296 447]
007336.jpg,person,14,[188  45 471 148]
007351.jpg,bottle,4,[102 103 233 143]
007361.jpg,train,18,[259  71 279 333]
007365.jpg,boat,3,[ 45  11 150  81]
007369.jpg,chair,8,[ 31  46 328 251]
007370.jpg,bottle,4,[  0  34 499 339]
007373.jpg,diningtable,10,[177   0 374 492]
007375.jpg,aeroplane,0,[ 34  22 374 499]
007381.jpg,person,14,[ 66  74 399 254]
007385.jpg,sofa,17,[ 25   0 332 428]
007389.jpg,cow,9,[ 61  16 271 170]
007394.jpg,tvmonitor,19,[ 31 104 320 408]
007396.jpg,pottedplant,15,[  0 291  93 396]
007398.jpg,bus,5,[  0   0 264 498]
007410.jpg,person,14,[ 48 326 332 498]
007411.jpg,dog,11,[ 46  58 412 465]
007413.jpg,aeroplane,0,[  0   0 220 379]
007417.jpg,dog,11,[ 66  39 207 305]
007419.jpg,cat,7,[ 65 171 338 478]
007421.jpg,bird,2,[213 148 314 216]
007425.jpg,sofa,17,[170   0 332 373]
007431.jpg,bird,2,[324 290 367 366]
007437.jpg,bus,5,[104  97 248 294]
007446.jpg,person,14,[  8  52 379 202]
007454.jpg,cat,7,[ 42  17 360 392]
007458.jpg,diningtable,10,[156 131 374 480]
007466.jpg,person,14,[ 91   0 319  69]
007467.jpg,train,18,[123   1 207 283]
007468.jpg,car,6,[  0   2 358 492]
007474.jpg,dog,11,[ 44  42 371 326]
007477.jpg,boat,3,[ 29 258 153 420]
007479.jpg,car,6,[ 23   4 260 499]
007481.jpg,bird,2,[ 52  60 316 361]
007483.jpg,person,14,[ 34   1 375 499]
007490.jpg,car,6,[213 229 284 383]
007491.jpg,sofa,17,[152 232 336 499]
007493.jpg,person,14,[  3  34 374 372]
007497.jpg,car,6,[177 161 269 353]
007503.jpg,aeroplane,0,[ 36  14 365 499]
007513.jpg,train,18,[ 10   0 332 460]
007519.jpg,pottedplant,15,[160  98 184 191]
007521.jpg,boat,3,[ 78  19 201 108]
007524.jpg,cat,7,[ 46  51 471 332]
007526.jpg,horse,12,[159  85 411 299]
007530.jpg,chair,8,[312   0 499 135]
007535.jpg,person,14,[ 58  25 488 233]
007536.jpg,sofa,17,[120 244 311 499]
007538.jpg,chair,8,[131 133 336 273]
007540.jpg,person,14,[ 88  42 371 376]
007544.jpg,diningtable,10,[200   1 310 224]
007558.jpg,person,14,[ 36 309 333 474]
007565.jpg,cat,7,[123  58 354 361]
007566.jpg,car,6,[ 29   1 333 495]
007570.jpg,person,14,[ 58 282 288 388]
007572.jpg,person,14,[ 45 264 332 490]
007575.jpg,bus,5,[  0  14 234 472]
007578.jpg,person,14,[  0   0 328 115]
007586.jpg,train,18,[144   0 247 240]
007590.jpg,person,14,[ 13   0 499 374]
007594.jpg,horse,12,[190 110 374 481]
007600.jpg,pottedplant,15,[ 52 223 304 442]
007601.jpg,car,6,[ 67  18 298 481]
007606.jpg,person,14,[ 40 118 374 414]
007611.jpg,horse,12,[109   0 374 319]
007619.jpg,person,14,[142 383 290 439]
007621.jpg,sheep,16,[101 300 201 410]
007629.jpg,person,14,[ 53 307 373 417]
007631.jpg,person,14,[ 63  95 339 326]
007633.jpg,bus,5,[116   0 268 235]
007637.jpg,horse,12,[144  92 304 344]
007653.jpg,car,6,[164  16 281 471]
007654.jpg,aeroplane,0,[ 77 258 246 399]
007655.jpg,bicycle,1,[ 17   3 353 499]
007663.jpg,car,6,[ 93  48 295 460]
007667.jpg,car,6,[332 457 352 493]
007683.jpg,person,14,[ 43 231 374 343]
007685.jpg,boat,3,[ 77 111 170 241]
007692.jpg,dog,11,[101 228 229 385]
007696.jpg,train,18,[115   0 222 348]
007697.jpg,horse,12,[205  69 435 241]
007699.jpg,car,6,[ 49   1 374 499]
007704.jpg,sofa,17,[169  77 344 304]
007713.jpg,bird,2,[ 46 122 321 372]
007718.jpg,boat,3,[123  94 256 495]
007721.jpg,bird,2,[102 213 298 428]
007729.jpg,tvmonitor,19,[ 26  90 307 443]
007731.jpg,car,6,[188  25 473 339]
007735.jpg,diningtable,10,[265   3 332 365]
007736.jpg,bus,5,[148  56 205 133]
007740.jpg,bottle,4,[143 238 352 317]
007748.jpg,horse,12,[163  75 372 331]
007749.jpg,dog,11,[ 22 127 374 499]
007751.jpg,person,14,[117 308 368 478]
007753.jpg,cat,7,[  0   1 373 499]
007762.jpg,tvmonitor,19,[ 89 216 251 361]
007767.jpg,train,18,[ 88  82 288 499]
007775.jpg,dog,11,[ 88  44 283 247]
007777.jpg,diningtable,10,[195   1 373 369]
007781.jpg,pottedplant,15,[ 41   0 374 418]
007790.jpg,bottle,4,[128  22 361 124]
007791.jpg,dog,11,[ 60  29 325 439]
007795.jpg,person,14,[107   6 373 152]
007803.jpg,boat,3,[180 163 279 297]
007809.jpg,horse,12,[ 24  86 372 499]
007810.jpg,person,14,[  0  79 126 336]
007814.jpg,person,14,[129 251 374 356]
007819.jpg,train,18,[ 61  11 127 499]
007820.jpg,aeroplane,0,[ 18   4 256 499]
007821.jpg,car,6,[ 57  22 311 312]
007831.jpg,bird,2,[226  48 411 179]
007836.jpg,bicycle,1,[185   1 337 226]
007838.jpg,dog,11,[102 229 263 317]
007840.jpg,bird,2,[ 32  10 485 267]
007847.jpg,bird,2,[109 169 293 464]
007853.jpg,bird,2,[176  85 451 349]
007854.jpg,bicycle,1,[322  17 484 292]
007859.jpg,sheep,16,[  3   0 336 468]
007863.jpg,cat,7,[139 200 295 439]
007864.jpg,aeroplane,0,[ 63  21 147 147]
007872.jpg,diningtable,10,[142   2 332 499]
007876.jpg,bird,2,[180 225 307 315]
007877.jpg,person,14,[  3   2 372 281]
007878.jpg,cat,7,[ 66  65 372 293]
007883.jpg,car,6,[192 441 209 476]
007884.jpg,person,14,[ 11  27 405 478]
007885.jpg,cat,7,[ 28  15 484 343]
007898.jpg,car,6,[  0   0 365 399]
007900.jpg,dog,11,[115 186 285 324]
007901.jpg,person,14,[ 14  47 499 296]
007905.jpg,car,6,[ 86  14 329 495]
007908.jpg,bus,5,[  1 190 332 499]
007910.jpg,person,14,[ 17 315 374 464]
007911.jpg,motorbike,13,[ 37  20 487 460]
007914.jpg,bird,2,[113  61 413 351]
007915.jpg,person,14,[ 38 116 280 365]
007923.jpg,sofa,17,[146 134 234 352]
007925.jpg,bicycle,1,[ 29  57 318 439]
007926.jpg,train,18,[275   0 336 345]
007932.jpg,car,6,[176  78 267 265]
007939.jpg,cow,9,[255 100 472 332]
007940.jpg,person,14,[ 15  89 374 382]
007953.jpg,person,14,[214 263 297 318]
007959.jpg,chair,8,[267  45 499 273]
007963.jpg,train,18,[199   0 333 469]
007964.jpg,car,6,[117  51 244 406]
007968.jpg,dog,11,[  0 131 286 340]
007974.jpg,cat,7,[  1   0 374 312]
007976.jpg,aeroplane,0,[128 203 150 227]
007980.jpg,boat,3,[ 42 186 219 297]
007991.jpg,bird,2,[ 98   2 374 499]
007996.jpg,person,14,[ 60 396 269 499]
008001.jpg,car,6,[ 95  51 281 457]
008004.jpg,bus,5,[191 194 309 324]
008005.jpg,cow,9,[ 63   0 374 301]
008008.jpg,person,14,[ 34 193 225 333]
008012.jpg,pottedplant,15,[  8   4 387 441]
008017.jpg,bird,2,[ 81  15 310 380]
008019.jpg,horse,12,[121  14 317 364]
008026.jpg,bus,5,[ 49 133 291 499]
008037.jpg,car,6,[ 49 146 233 460]
008040.jpg,horse,12,[171 317 337 474]
008042.jpg,sofa,17,[137  74 363 499]
008043.jpg,person,14,[  8  13 287 283]
008044.jpg,car,6,[203 239 246 391]
008049.jpg,tvmonitor,19,[ 14 158 254 391]
008051.jpg,bird,2,[109 130 374 357]
008053.jpg,person,14,[  7  85 438 223]
008062.jpg,bird,2,[ 68   1 374 382]
008063.jpg,chair,8,[104  52 300 156]
008064.jpg,pottedplant,15,[198 113 332 296]
008067.jpg,tvmonitor,19,[162 131 329 348]
008072.jpg,person,14,[ 96   2 324 147]
008075.jpg,dog,11,[ 63   0 374 297]
008076.jpg,diningtable,10,[257 304 372 499]
008079.jpg,person,14,[126 194 307 273]
008082.jpg,person,14,[  2 325 332 499]
008083.jpg,person,14,[ 65 151 299 361]
008084.jpg,bird,2,[211 110 364 232]
008093.jpg,car,6,[283   0 374  83]
008095.jpg,train,18,[ 85   4 201 389]
008096.jpg,bicycle,1,[162 129 240 248]
008098.jpg,bus,5,[112  97 212 229]
008106.jpg,chair,8,[188 167 354 265]
008108.jpg,car,6,[222 239 323 355]
008116.jpg,sheep,16,[169 195 355 363]
008117.jpg,bird,2,[212 217 374 396]
008121.jpg,tvmonitor,19,[ 17  76 254 242]
008127.jpg,diningtable,10,[223 192 333 499]
008130.jpg,person,14,[ 28 299 214 398]
008137.jpg,bottle,4,[ 42 294 175 354]
008139.jpg,person,14,[ 10 164 410 499]
008142.jpg,horse,12,[118 148 285 324]
008150.jpg,sheep,16,[177 330 196 357]
008163.jpg,boat,3,[181  39 264 380]
008164.jpg,person,14,[ 95   5 374 232]
008166.jpg,boat,3,[177 150 235 348]
008169.jpg,cat,7,[162 275 342 435]
008174.jpg,car,6,[  0  40 319 499]
008186.jpg,dog,11,[  3   1 441 483]
008188.jpg,car,6,[ 53  43 283 462]
008197.jpg,car,6,[186 450 226 496]
008199.jpg,person,14,[ 84 363 374 498]
008202.jpg,cow,9,[110 190 371 457]
008203.jpg,sofa,17,[187  37 359 303]
008204.jpg,person,14,[144 142 335 265]
008211.jpg,person,14,[181  77 499 281]
008213.jpg,chair,8,[125 291 166 330]
008216.jpg,diningtable,10,[406 226 499 373]
008218.jpg,person,14,[ 89 193 374 494]
008223.jpg,sheep,16,[ 11 128 373 499]
008226.jpg,bird,2,[  0  81 164 213]
008232.jpg,car,6,[158 166 244 417]
008235.jpg,train,18,[126  47 283 336]
008248.jpg,person,14,[ 56 326 374 476]
008250.jpg,motorbike,13,[187 118 307 260]
008252.jpg,aeroplane,0,[129  62 252 486]
008253.jpg,person,14,[131  88 324 426]
008254.jpg,cat,7,[ 50   0 313 417]
008260.jpg,dog,11,[ 70  93 254 456]
008261.jpg,boat,3,[  2  55 264 237]
008262.jpg,bus,5,[ 76  28 321 470]
008263.jpg,train,18,[ 92  14 336 365]
008269.jpg,cat,7,[ 29  20 334 499]
008272.jpg,person,14,[  2   0 374 260]
008280.jpg,aeroplane,0,[ 89   1 280 499]
008282.jpg,sofa,17,[208 252 374 499]
008296.jpg,car,6,[102  51 323 499]
008301.jpg,person,14,[190 152 499 374]
008302.jpg,person,14,[  0   0 374 247]
008310.jpg,aeroplane,0,[  1   1 326 499]
008311.jpg,horse,12,[ 46  18 312 383]
008312.jpg,motorbike,13,[142  35 439 265]
008313.jpg,bicycle,1,[235   0 373 164]
008315.jpg,bus,5,[159 164 311 455]
008316.jpg,train,18,[  0 147 331 499]
008317.jpg,bird,2,[ 43  73 374 391]
008322.jpg,dog,11,[ 45 234 309 499]
008332.jpg,person,14,[ 55   1 374 358]
008336.jpg,car,6,[247 296 329 379]
008338.jpg,bus,5,[  4  25 139 485]
008341.jpg,sofa,17,[118   0 332 265]
008342.jpg,sheep,16,[206  10 399 241]
008346.jpg,dog,11,[ 98  27 486 209]
008351.jpg,train,18,[162 135 269 376]
008360.jpg,bus,5,[ 20   1 279 400]
008372.jpg,aeroplane,0,[ 92 199 181 358]
008374.jpg,person,14,[180 184 374 270]
008381.jpg,person,14,[ 45  61 499 462]
008384.jpg,bird,2,[ 85 202 277 294]
008385.jpg,person,14,[195 103 453 304]
008388.jpg,car,6,[  0   0 336 449]
008391.jpg,car,6,[ 45   4 306 496]
008397.jpg,bus,5,[289  57 374 293]
008398.jpg,person,14,[ 91 290 374 470]
008403.jpg,cat,7,[ 16 228 384 498]
008409.jpg,sofa,17,[187  55 336 183]
008422.jpg,tvmonitor,19,[176 273 329 406]
008425.jpg,dog,11,[257 321 340 495]
008426.jpg,bird,2,[ 80 159 328 379]
008427.jpg,horse,12,[  0  17 332 415]
008437.jpg,horse,12,[121  70 361 238]
008442.jpg,cat,7,[ 69 230 220 386]
008443.jpg,bird,2,[ 97 205 309 392]
008445.jpg,train,18,[  3   0 332 489]
008449.jpg,boat,3,[ 12   0 265 466]
008452.jpg,person,14,[161 117 309 309]
008453.jpg,chair,8,[  0 224 361 499]
008456.jpg,boat,3,[  5 294 239 478]
008462.jpg,chair,8,[247 332 374 457]
008465.jpg,pottedplant,15,[ 26  18 497 498]
008466.jpg,car,6,[120 211 229 441]
008467.jpg,person,14,[ 11 178 485 374]
008468.jpg,sofa,17,[121  50 196 171]
008470.jpg,diningtable,10,[174 150 374 499]
008475.jpg,cow,9,[194 138 350 382]
008477.jpg,dog,11,[ 62 258 357 499]
008478.jpg,car,6,[137  93 305 421]
008482.jpg,car,6,[151 167 239 403]
008483.jpg,car,6,[136 201 185 347]
008495.jpg,aeroplane,0,[100 215 260 425]
008506.jpg,train,18,[ 48  88 290 456]
008517.jpg,car,6,[  1   0 332 344]
008523.jpg,aeroplane,0,[  0   0 321 322]
008529.jpg,diningtable,10,[195 108 438 276]
008530.jpg,dog,11,[ 31   0 332 326]
008533.jpg,cat,7,[ 27   3 423 480]
008536.jpg,pottedplant,15,[305 154 377 194]
008549.jpg,car,6,[ 28  98 308 439]
008550.jpg,car,6,[106  54 323 376]
008558.jpg,dog,11,[107 283 327 474]
008559.jpg,person,14,[ 65 102 499 332]
008568.jpg,boat,3,[ 88 227 283 499]
008581.jpg,car,6,[166   0 494 233]
008585.jpg,person,14,[  0   0 333 498]
008587.jpg,person,14,[ 83 162 374 499]
008588.jpg,bird,2,[236 288 281 311]
008595.jpg,motorbike,13,[  1 164 332 499]
008596.jpg,person,14,[ 71 119 289 265]
008602.jpg,person,14,[ 77 275 374 499]
008610.jpg,horse,12,[ 72 185 290 336]
008615.jpg,cow,9,[169  49 208 117]
008617.jpg,person,14,[ 51  44 374 319]
008618.jpg,person,14,[  0   0 329 163]
008628.jpg,person,14,[  0   0 405 249]
008633.jpg,car,6,[  4   1 243 195]
008645.jpg,boat,3,[152 209 307 299]
008655.jpg,diningtable,10,[176 100 306 252]
008663.jpg,car,6,[105   0 327 495]
008665.jpg,car,6,[ 14  56 324 451]
008670.jpg,bird,2,[114  55 262 253]
008676.jpg,person,14,[142 251 326 342]
008688.jpg,pottedplant,15,[  0   1 324 499]
008690.jpg,person,14,[ 13 146 266 336]
008691.jpg,train,18,[139   0 212 453]
008699.jpg,horse,12,[134 147 364 393]
008702.jpg,bus,5,[ 95  30 345 488]
008706.jpg,cow,9,[161 223 257 283]
008710.jpg,train,18,[ 49 137 248 322]
008720.jpg,cat,7,[234  92 385 249]
008723.jpg,aeroplane,0,[ 65   4 251 467]
008725.jpg,boat,3,[115  14 240 265]
008727.jpg,car,6,[248   2 499 374]
008731.jpg,horse,12,[ 92 149 277 254]
008732.jpg,bird,2,[196 100 394 222]
008738.jpg,dog,11,[136   0 331 356]
008741.jpg,bicycle,1,[  3   3 498 373]
008744.jpg,horse,12,[179 130 382 269]
008748.jpg,person,14,[326 117 452 203]
008750.jpg,car,6,[ 80  23 303 478]
008755.jpg,bird,2,[  2 210 330 407]
008756.jpg,cat,7,[120 209 173 288]
008757.jpg,bicycle,1,[ 81  48 289 420]
008760.jpg,chair,8,[212   0 374 262]
008764.jpg,bird,2,[ 37  99 324 339]
008768.jpg,car,6,[123   0 314 246]
008770.jpg,aeroplane,0,[105 184 189 336]
008771.jpg,bus,5,[103  61 202 432]
008776.jpg,bird,2,[ 37 159 313 295]
008783.jpg,diningtable,10,[237 149 372 478]
008784.jpg,car,6,[130 323 169 381]
008790.jpg,train,18,[168   0 229 212]
008794.jpg,car,6,[ 95  80 311 499]
008806.jpg,pottedplant,15,[172 417 244 441]
008809.jpg,cat,7,[ 39  37 220 442]
008811.jpg,bicycle,1,[ 55   2 374 499]
008813.jpg,person,14,[ 28 317 367 478]
008814.jpg,diningtable,10,[199 126 319 361]
008815.jpg,cat,7,[ 29   1 363 229]
008819.jpg,dog,11,[ 78 130 449 293]
008838.jpg,bus,5,[ 44 121 277 333]
008840.jpg,dog,11,[  1 138 257 424]
008841.jpg,dog,11,[242 177 374 248]
008847.jpg,aeroplane,0,[ 44 114 269 291]
008856.jpg,cat,7,[  2  49 374 499]
008862.jpg,person,14,[ 89 111 319 230]
008865.jpg,sofa,17,[186 154 333 499]
008872.jpg,person,14,[125 129 269 243]
008878.jpg,train,18,[137 172 195 382]
008879.jpg,person,14,[ 66 126 374 374]
008883.jpg,bus,5,[219 154 284 317]
008885.jpg,cat,7,[ 41   0 495 349]
008886.jpg,horse,12,[  0  10 200 228]
008891.jpg,car,6,[101 149 235 461]
008900.jpg,boat,3,[ 52   0 207 499]
008905.jpg,aeroplane,0,[ 81   1 297 499]
008909.jpg,car,6,[ 60  21 307 485]
008920.jpg,person,14,[ 66  60 283 229]
008923.jpg,car,6,[ 30  14 175 365]
008926.jpg,bird,2,[ 97 230 312 369]
008929.jpg,car,6,[ 56   0 239 440]
008930.jpg,cat,7,[ 58   1 499 374]
008932.jpg,person,14,[ 91 138 374 229]
008933.jpg,cat,7,[229  79 400 247]
008936.jpg,chair,8,[213  91 340 209]
008939.jpg,car,6,[232 408 311 499]
008944.jpg,person,14,[  0   0 499 442]
008948.jpg,chair,8,[158   2 322 181]
008958.jpg,car,6,[ 34  49 358 499]
008960.jpg,person,14,[182 439 269 485]
008961.jpg,person,14,[ 77   0 406 268]
008962.jpg,bottle,4,[ 38  85 214 134]
008966.jpg,bus,5,[ 26 127 302 499]
008967.jpg,bottle,4,[ 14 228 330 378]
008968.jpg,car,6,[ 49  85 331 442]
008969.jpg,car,6,[109  42 374 467]
008970.jpg,pottedplant,15,[ 80 251 241 370]
008971.jpg,aeroplane,0,[ 47  82 243 461]
008973.jpg,cow,9,[ 42 270 278 443]
008975.jpg,sofa,17,[173 159 358 349]
008978.jpg,car,6,[145 211 357 490]
008979.jpg,motorbike,13,[ 40  35 350 442]
008980.jpg,dog,11,[ 57  52 427 371]
008985.jpg,bird,2,[  8   2 495 313]
008987.jpg,sofa,17,[155  92 311 287]
008988.jpg,train,18,[ 94   1 328 374]
008989.jpg,bottle,4,[181 198 249 235]
008995.jpg,bicycle,1,[380  30 438 120]
008999.jpg,boat,3,[ 42 247 174 283]
009000.jpg,person,14,[161 366 237 474]
009004.jpg,motorbike,13,[ 59  39 316 453]
009005.jpg,person,14,[ 62 241 352 380]
009016.jpg,bottle,4,[  2 183 451 333]
009018.jpg,bird,2,[ 92   4 312 350]
009020.jpg,horse,12,[101 162 273 401]
009027.jpg,bottle,4,[ 75 180 182 237]
009029.jpg,car,6,[ 45  48 146 279]
009032.jpg,tvmonitor,19,[ 68  26 261 206]
009036.jpg,person,14,[131 302 386 474]
009042.jpg,dog,11,[ 91 115 193 405]
009045.jpg,car,6,[ 81   0 374 499]
009049.jpg,motorbike,13,[ 78  50 326 358]
009058.jpg,car,6,[  0   0 286 483]
009059.jpg,bus,5,[ 84  96 186 313]
009063.jpg,aeroplane,0,[123 259 175 391]
009066.jpg,dog,11,[ 94  97 350 466]
009068.jpg,person,14,[204   0 343 282]
009073.jpg,person,14,[ 62 377 374 499]
009078.jpg,car,6,[247 113 337 390]
009080.jpg,bird,2,[ 77  78 187 173]
009086.jpg,train,18,[ 33  30 280 499]
009098.jpg,cat,7,[  2   5 499 417]
009099.jpg,bird,2,[127 145 333 285]
009100.jpg,bottle,4,[191 252 305 398]
009106.jpg,car,6,[104   0 339 355]
009108.jpg,bottle,4,[  0 264 351 416]
009114.jpg,horse,12,[ 25  65 190 241]
009117.jpg,dog,11,[ 26 187 372 499]
009121.jpg,car,6,[133 159 230 303]
009123.jpg,diningtable,10,[171  22 374 351]
009136.jpg,person,14,[ 68 113 374 357]
009144.jpg,bird,2,[ 46  48 344 473]
009148.jpg,horse,12,[ 53  89 255 205]
009153.jpg,person,14,[106   2 499 374]
009160.jpg,motorbike,13,[141 176 316 392]
009161.jpg,bus,5,[178  18 316 422]
009166.jpg,bird,2,[ 17 195 279 293]
009173.jpg,tvmonitor,19,[  0 166 127 374]
009175.jpg,pottedplant,15,[176 247 339 434]
009181.jpg,pottedplant,15,[ 31  37 449 305]
009184.jpg,person,14,[  2   0 333 445]
009185.jpg,dog,11,[ 63 139 321 432]
009191.jpg,motorbike,13,[ 22  28 324 486]
009196.jpg,tvmonitor,19,[  1   0 286 499]
009197.jpg,dog,11,[ 92 103 356 466]
009200.jpg,chair,8,[238 239 373 334]
009205.jpg,car,6,[ 46   0 250 490]
009208.jpg,horse,12,[ 42   0 304 248]
009209.jpg,motorbike,13,[104 138 212 273]
009214.jpg,car,6,[222 145 374 467]
009215.jpg,pottedplant,15,[149  77 372 401]
009218.jpg,train,18,[ 59   2 499 373]
009227.jpg,sheep,16,[ 82  71 223 162]
009230.jpg,motorbike,13,[ 99   0 374 360]
009238.jpg,person,14,[  6  61 332 499]
009242.jpg,sofa,17,[ 96  75 260 484]
009245.jpg,cow,9,[ 95  16 329 287]
009251.jpg,horse,12,[ 22 179 305 308]
009252.jpg,sofa,17,[199  39 368 499]
009255.jpg,horse,12,[  4  11 196 247]
009259.jpg,motorbike,13,[120 166 231 338]
009269.jpg,car,6,[166  99 326 403]
009270.jpg,bird,2,[  2   4 332 403]
009271.jpg,sheep,16,[103 200 286 386]
009272.jpg,aeroplane,0,[ 68  13 218 486]
009283.jpg,car,6,[244   0 369 106]
009285.jpg,cat,7,[ 60   2 343 432]
009287.jpg,motorbike,13,[ 64 254 269 499]
009288.jpg,person,14,[ 63  71 250 126]
009289.jpg,train,18,[ 14  81 332 426]
009290.jpg,person,14,[ 56  50 265 290]
009295.jpg,bicycle,1,[103  42 374 306]
009296.jpg,person,14,[154 124 374 205]
009299.jpg,diningtable,10,[223  87 332 499]
009306.jpg,person,14,[ 73  48 443 371]
009307.jpg,aeroplane,0,[ 12   6 366 399]
009308.jpg,cow,9,[  0   0 285 499]
009316.jpg,person,14,[ 86 287 374 499]
009318.jpg,horse,12,[ 57  31 333 437]
009324.jpg,bird,2,[ 49   0 330 301]
009325.jpg,tvmonitor,19,[  0 117 148 261]
009327.jpg,person,14,[ 78 116 402 257]
009333.jpg,tvmonitor,19,[ 85  99 237 311]
009336.jpg,car,6,[ 77  60 327 395]
009339.jpg,bicycle,1,[ 21 105 318 459]
009342.jpg,person,14,[  3  74 286 170]
009343.jpg,person,14,[  8 166 326 418]
009358.jpg,bus,5,[235 281 296 361]
009359.jpg,sofa,17,[169  45 280 282]
009362.jpg,person,14,[ 32  31 331 177]
009365.jpg,aeroplane,0,[141 230 200 297]
009377.jpg,train,18,[ 18  56 335 416]
009386.jpg,bus,5,[  1   2 373 408]
009388.jpg,chair,8,[264 233 374 416]
009389.jpg,train,18,[116 118 363 499]
009392.jpg,bus,5,[193 409 330 499]
009393.jpg,person,14,[  1 294 371 456]
009394.jpg,aeroplane,0,[  1   2 253 499]
009398.jpg,cat,7,[  3   0 332 421]
009406.jpg,car,6,[ 19  18 265 488]
009407.jpg,horse,12,[122  24 479 321]
009409.jpg,bus,5,[131   0 262  90]
009410.jpg,person,14,[  2   9 374 456]
009411.jpg,car,6,[111  61 334 462]
009413.jpg,person,14,[  8 251 360 499]
009417.jpg,sheep,16,[ 93 237 219 329]
009418.jpg,person,14,[ 61 206 332 499]
009419.jpg,pottedplant,15,[ 67  51 194 133]
009420.jpg,diningtable,10,[233   0 374 403]
009421.jpg,person,14,[138 116 358 252]
009422.jpg,bird,2,[  1   1 324 480]
009424.jpg,car,6,[102  49 328 421]
009429.jpg,cow,9,[196 204 239 315]
009432.jpg,aeroplane,0,[ 89   4 259 496]
009434.jpg,car,6,[ 81  15 300 481]
009446.jpg,tvmonitor,19,[ 46  14 297 251]
009458.jpg,bottle,4,[ 12 112 109 201]
009460.jpg,person,14,[ 48   2 372 376]
009463.jpg,cow,9,[173   0 329 138]
009465.jpg,horse,12,[ 36  14 334 389]
009466.jpg,chair,8,[219 156 435 397]
009469.jpg,car,6,[111  35 321 481]
009476.jpg,aeroplane,0,[113  46 277 478]
009488.jpg,bird,2,[ 88 123 403 333]
009490.jpg,person,14,[ 86   0 482 209]
009491.jpg,sofa,17,[137 100 278 347]
009496.jpg,person,14,[ 64  11 318 478]
009497.jpg,person,14,[105  96 373 298]
009499.jpg,person,14,[  0   2 499 305]
009504.jpg,person,14,[ 50 136 441 394]
009508.jpg,train,18,[317 174 384 227]
009512.jpg,person,14,[142   1 499 190]
009515.jpg,car,6,[194  65 230 134]
009516.jpg,cat,7,[ 61  16 499 374]
009518.jpg,dog,11,[ 42 124 355 411]
009520.jpg,person,14,[ 74 269 358 495]
009523.jpg,aeroplane,0,[149 124 251 230]
009524.jpg,person,14,[ 83 315 192 375]
009526.jpg,diningtable,10,[313 174 499 374]
009528.jpg,cat,7,[ 66  85 321 488]
009537.jpg,train,18,[  9   7 220 499]
009541.jpg,person,14,[268 100 422 240]
009542.jpg,person,14,[ 16   7 331 250]
009545.jpg,cow,9,[ 28 174 332 499]
009549.jpg,cat,7,[ 61   2 374 377]
009551.jpg,person,14,[125 213 358 425]
009557.jpg,person,14,[215 115 364 180]
009562.jpg,dog,11,[ 37  15 471 354]
009566.jpg,bird,2,[149 145 231 303]
009573.jpg,person,14,[ 46 154 290 431]
009576.jpg,tvmonitor,19,[128 190 216 350]
009577.jpg,diningtable,10,[159  83 374 494]
009579.jpg,person,14,[  1  19 499 374]
009584.jpg,cat,7,[173 322 357 486]
009585.jpg,person,14,[  9   0 374 254]
009587.jpg,dog,11,[  0   2 336 499]
009596.jpg,motorbike,13,[113 163 218 290]
009600.jpg,person,14,[ 75 141 293 334]
009605.jpg,dog,11,[ 17  88 368 457]
009609.jpg,bird,2,[ 89 212 174 399]
009613.jpg,person,14,[252  10 382 115]
009614.jpg,person,14,[112 240 254 428]
009615.jpg,aeroplane,0,[ 88  16 234 489]
009618.jpg,bicycle,1,[229 182 310 304]
009621.jpg,bird,2,[  0   0 475 411]
009623.jpg,car,6,[ 51 148 231 453]
009629.jpg,aeroplane,0,[164 224 188 362]
009634.jpg,pottedplant,15,[125 267 371 358]
009637.jpg,train,18,[ 99 281 166 499]
009638.jpg,person,14,[  2  95 374 499]
009644.jpg,car,6,[ 77  35 302 480]
009650.jpg,cow,9,[ 35  20 417 345]
009654.jpg,person,14,[ 82   0 499 295]
009656.jpg,bicycle,1,[155 180 344 323]
009659.jpg,person,14,[ 10  80 369 370]
009664.jpg,bottle,4,[  0 110 499 319]
009666.jpg,person,14,[  0   0 499 305]
009668.jpg,dog,11,[ 18   0 374 320]
009671.jpg,car,6,[205 252 283 443]
009679.jpg,bottle,4,[  7  84 100 155]
009684.jpg,person,14,[ 63  56 374 379]
009691.jpg,motorbike,13,[186   0 332 496]
009693.jpg,person,14,[ 14  98 356 308]
009702.jpg,aeroplane,0,[ 60 197 104 277]
009703.jpg,person,14,[168   5 308 119]
009707.jpg,cat,7,[129  78 248 273]
009709.jpg,bottle,4,[  1 131 494 270]
009713.jpg,dog,11,[ 56 113 343 405]
009717.jpg,cow,9,[205 262 332 424]
009718.jpg,train,18,[193   1 251 296]
009721.jpg,person,14,[149  24 473 244]
009729.jpg,car,6,[ 60 103 258 372]
009733.jpg,car,6,[  3  74 318 478]
009734.jpg,bus,5,[ 96 119 262 352]
009735.jpg,chair,8,[364  53 428  99]
009749.jpg,bird,2,[288 208 445 294]
009755.jpg,sofa,17,[127 133 331 499]
009756.jpg,motorbike,13,[ 81 117 315 419]
009762.jpg,bus,5,[151  36 205 152]
009763.jpg,dog,11,[ 31  41 317 333]
009774.jpg,car,6,[  3  26 389 477]
009776.jpg,motorbike,13,[122  38 356 403]
009789.jpg,person,14,[ 51 231 350 499]
009790.jpg,train,18,[ 39  10 212 478]
009792.jpg,chair,8,[198 150 342 373]
009797.jpg,dog,11,[109 221 311 395]
009800.jpg,person,14,[160 401 459 499]
009805.jpg,cat,7,[132  96 275 391]
009807.jpg,horse,12,[ 60 190 331 473]
009808.jpg,horse,12,[ 42  17 481 290]
009810.jpg,car,6,[ 60  22 258 467]
009813.jpg,person,14,[131 184 283 499]
009825.jpg,chair,8,[279  89 358 143]
009828.jpg,person,14,[  4  78 499 285]
009830.jpg,car,6,[ 17  42 314 400]
009832.jpg,bus,5,[ 10 276 349 499]
009834.jpg,car,6,[ 74  87 279 448]
009839.jpg,car,6,[158 159 278 368]
009842.jpg,sheep,16,[  0 179 331 400]
009845.jpg,bus,5,[ 88 156 279 375]
009848.jpg,bicycle,1,[200  54 359 305]
009851.jpg,horse,12,[135  90 266 248]
009852.jpg,cat,7,[120 152 374 481]
009855.jpg,train,18,[ 31 106 279 499]
009859.jpg,person,14,[ 39 109 332 343]
009860.jpg,train,18,[ 24  64 354 489]
009867.jpg,tvmonitor,19,[ 27   0 374 308]
009868.jpg,person,14,[138  72 414 233]
009869.jpg,person,14,[  5   2 374 352]
009872.jpg,chair,8,[307 113 373 274]
009874.jpg,horse,12,[157 115 479 237]
009877.jpg,person,14,[101   2 499 288]
009878.jpg,sofa,17,[118  73 348 373]
009879.jpg,car,6,[163 397 226 497]
009882.jpg,person,14,[154  13 371 282]
009884.jpg,pottedplant,15,[ 77  84 374 399]
009887.jpg,pottedplant,15,[260 221 315 264]
009896.jpg,cat,7,[133 138 322 371]
009904.jpg,car,6,[342  71 388 159]
009911.jpg,aeroplane,0,[136  74 264 416]
009918.jpg,person,14,[  0   0 329 267]
009920.jpg,car,6,[212   8 418 320]
009926.jpg,person,14,[  5 297 358 489]
009938.jpg,motorbike,13,[ 54 136 339 319]
009940.jpg,bird,2,[132 134 374 364]
009942.jpg,person,14,[  8   1 331 364]
009944.jpg,motorbike,13,[119  86 290 328]
009945.jpg,sheep,16,[198  91 228 131]
009949.jpg,person,14,[ 89  24 311 426]
009959.jpg,car,6,[141 191 186 329]
009961.jpg,dog,11,[  3  68 344 391]
